user_id,pref_age_min,pref_age_max,pref_height,lifestyle_pref,intent_pref
0,23,29,170,balanced,relationship
1,18,29,184,balanced,dating
2,21,30,190,balanced,marriage
3,24,30,166,spiritual,dating
4,23,29,189,party,relationship
5,22,24,160,spiritual,relationship
6,25,28,179,party,relationship
7,25,31,176,spiritual,relationship
8,20,23,175,gym,dating
9,21,31,174,balanced,marriage
10,20,27,159,party,dating
11,19,32,171,party,marriage
12,23,32,177,spiritual,dating
13,24,26,173,gym,relationship
14,21,29,157,party,marriage
15,20,31,172,gym,relationship
16,21,35,169,party,dating
17,25,29,164,gym,relationship
18,21,22,185,spiritual,relationship
19,21,28,166,spiritual,marriage
20,24,29,178,balanced,relationship
21,23,29,170,balanced,marriage
22,23,25,163,balanced,marriage
23,21,34,189,party,dating
24,25,34,175,gym,marriage
25,21,33,177,party,relationship
26,22,32,158,spiritual,marriage
27,25,33,182,gym,dating
28,18,33,190,gym,relationship
29,25,28,159,balanced,dating
30,22,32,171,gym,marriage
31,25,32,163,spiritual,dating
32,25,30,189,balanced,relationship
33,21,31,187,spiritual,dating
34,23,24,158,balanced,marriage
35,19,22,159,spiritual,marriage
36,20,32,167,party,marriage
37,20,34,166,gym,marriage
38,25,27,176,gym,dating
39,24,34,179,spiritual,relationship
40,25,28,176,party,dating
41,22,28,166,spiritual,relationship
42,25,27,166,balanced,relationship
43,21,25,177,gym,relationship
44,25,27,188,balanced,dating
45,18,20,178,gym,dating
46,18,35,155,gym,relationship
47,24,29,156,balanced,dating
48,20,24,186,party,marriage
49,21,27,161,party,marriage
50,23,33,166,spiritual,marriage
51,20,29,164,spiritual,dating
52,18,22,174,balanced,dating
53,23,34,166,party,dating
54,25,29,164,balanced,relationship
55,24,32,162,gym,relationship
56,21,27,164,party,relationship
57,21,34,180,gym,relationship
58,18,34,161,gym,marriage
59,23,32,189,spiritual,marriage
60,21,26,175,party,relationship
61,21,26,182,spiritual,relationship
62,24,26,186,gym,relationship
63,19,30,190,spiritual,marriage
64,24,29,186,balanced,marriage
65,18,35,157,party,dating
66,22,32,189,party,marriage
67,23,35,158,gym,dating
68,22,29,167,balanced,marriage
69,18,32,187,party,marriage
70,23,34,157,party,dating
71,25,28,169,balanced,dating
72,21,29,168,gym,dating
73,24,28,162,balanced,dating
74,21,32,176,party,relationship
75,21,27,180,gym,dating
76,20,30,170,balanced,relationship
77,22,26,172,spiritual,marriage
78,18,32,181,spiritual,relationship
79,21,35,186,balanced,marriage
80,18,31,157,spiritual,dating
81,21,23,162,gym,dating
82,25,27,166,balanced,dating
83,22,33,180,balanced,marriage
84,22,27,171,gym,dating
85,24,28,160,spiritual,dating
86,20,29,157,spiritual,relationship
87,19,23,169,gym,relationship
88,20,22,159,party,relationship
89,23,31,164,spiritual,marriage
90,18,35,167,party,marriage
91,23,24,155,party,relationship
92,22,25,177,spiritual,dating
93,18,31,179,party,relationship
94,19,27,166,party,relationship
95,25,26,183,gym,dating
96,22,31,165,party,marriage
97,23,24,162,gym,relationship
98,18,24,175,balanced,dating
99,20,35,161,party,dating
100,24,25,158,spiritual,marriage
101,19,27,157,gym,dating
102,25,35,179,balanced,marriage
103,24,32,170,spiritual,marriage
104,22,28,184,spiritual,dating
105,25,34,178,party,dating
106,22,33,166,spiritual,relationship
107,20,26,156,spiritual,relationship
108,20,21,184,spiritual,marriage
109,21,28,163,balanced,dating
110,24,31,181,spiritual,marriage
111,25,33,179,spiritual,relationship
112,23,29,180,party,marriage
113,21,25,168,party,marriage
114,21,35,178,spiritual,marriage
115,24,30,174,party,relationship
116,20,28,161,spiritual,relationship
117,24,25,167,party,relationship
118,20,31,179,spiritual,dating
119,25,26,168,spiritual,marriage
120,20,25,164,spiritual,marriage
121,21,24,181,balanced,relationship
122,21,35,163,spiritual,relationship
123,18,22,159,gym,dating
124,18,20,176,gym,relationship
125,23,27,164,party,relationship
126,19,31,175,spiritual,relationship
127,23,35,166,balanced,relationship
128,19,25,164,party,relationship
129,19,33,165,spiritual,marriage
130,22,34,170,gym,marriage
131,20,35,183,gym,dating
132,20,35,179,spiritual,relationship
133,25,28,156,balanced,relationship
134,20,28,156,spiritual,marriage
135,23,29,160,balanced,dating
136,20,23,174,spiritual,dating
137,19,26,175,balanced,marriage
138,19,31,186,gym,marriage
139,24,27,178,balanced,dating
140,22,31,156,spiritual,relationship
141,20,21,170,balanced,relationship
142,25,32,176,gym,relationship
143,25,27,176,gym,dating
144,18,19,174,spiritual,dating
145,25,32,179,gym,marriage
146,22,34,179,balanced,relationship
147,24,31,176,party,relationship
148,22,31,167,spiritual,relationship
149,22,24,183,gym,marriage
150,23,32,162,gym,dating
151,19,27,159,party,relationship
152,19,24,170,gym,dating
153,18,19,176,gym,dating
154,25,31,161,gym,dating
155,20,24,160,party,dating
156,19,20,182,party,dating
157,18,21,179,balanced,marriage
158,21,29,167,spiritual,marriage
159,20,28,173,gym,relationship
160,20,29,155,gym,dating
161,21,26,164,party,marriage
162,19,22,167,party,relationship
163,21,24,180,balanced,marriage
164,24,33,173,party,relationship
165,22,28,170,gym,marriage
166,22,27,165,gym,dating
167,19,35,177,gym,marriage
168,24,26,183,gym,marriage
169,19,30,178,gym,marriage
170,22,34,175,spiritual,relationship
171,25,31,186,balanced,relationship
172,23,32,167,party,marriage
173,20,21,177,spiritual,relationship
174,25,31,180,spiritual,relationship
175,25,28,164,spiritual,relationship
176,18,23,175,spiritual,marriage
177,20,27,178,gym,relationship
178,20,23,166,party,dating
179,18,31,185,party,relationship
180,23,27,156,spiritual,relationship
181,20,25,190,balanced,dating
182,21,29,186,spiritual,relationship
183,20,28,158,balanced,dating
184,19,30,185,balanced,dating
185,21,30,186,party,relationship
186,25,26,174,party,relationship
187,22,33,182,gym,marriage
188,20,29,173,balanced,marriage
189,23,35,163,balanced,marriage
190,25,27,156,spiritual,relationship
191,24,28,168,balanced,marriage
192,21,35,175,spiritual,relationship
193,23,33,176,party,dating
194,23,34,169,party,dating
195,25,35,185,gym,relationship
196,19,32,164,balanced,dating
197,25,33,172,gym,relationship
198,24,28,172,party,relationship
199,18,34,170,party,marriage
200,18,29,177,spiritual,marriage
201,20,33,172,balanced,relationship
202,23,33,189,party,marriage
203,21,31,162,balanced,marriage
204,18,25,188,balanced,dating
205,24,31,155,balanced,relationship
206,21,24,173,gym,dating
207,24,26,178,spiritual,dating
208,25,32,190,party,marriage
209,25,31,161,balanced,relationship
210,22,26,184,balanced,dating
211,20,26,156,gym,dating
212,23,32,185,balanced,dating
213,23,35,179,gym,marriage
214,24,35,175,spiritual,dating
215,23,33,157,balanced,relationship
216,18,35,158,party,relationship
217,19,22,163,party,dating
218,20,32,170,gym,relationship
219,23,29,160,spiritual,relationship
220,19,35,180,gym,marriage
221,24,35,180,party,marriage
222,19,26,183,party,dating
223,22,26,170,gym,marriage
224,18,20,169,spiritual,dating
225,18,26,169,party,dating
226,23,29,179,spiritual,dating
227,22,30,156,spiritual,marriage
228,19,21,167,gym,dating
229,21,31,186,gym,relationship
230,19,31,187,party,relationship
231,21,24,189,gym,marriage
232,22,27,190,balanced,marriage
233,24,27,167,balanced,relationship
234,21,27,171,spiritual,dating
235,22,30,156,spiritual,marriage
236,24,28,166,gym,dating
237,24,26,168,party,marriage
238,22,34,168,balanced,relationship
239,25,26,169,balanced,dating
240,18,28,155,party,dating
241,23,27,186,spiritual,marriage
242,23,31,180,party,relationship
243,25,34,173,party,dating
244,19,20,156,gym,dating
245,22,23,174,spiritual,relationship
246,20,22,158,balanced,dating
247,21,28,178,gym,relationship
248,24,35,156,balanced,dating
249,19,29,164,balanced,relationship
250,21,23,156,spiritual,dating
251,18,22,160,party,relationship
252,22,27,156,spiritual,dating
253,20,24,159,spiritual,marriage
254,24,25,157,spiritual,relationship
255,25,32,166,gym,marriage
256,18,21,172,balanced,marriage
257,25,29,172,gym,marriage
258,22,26,170,spiritual,dating
259,18,32,190,spiritual,dating
260,18,28,178,gym,marriage
261,23,31,185,party,relationship
262,23,35,190,party,relationship
263,23,30,166,spiritual,relationship
264,25,31,173,party,marriage
265,25,34,181,balanced,relationship
266,19,28,163,balanced,relationship
267,25,33,189,party,dating
268,23,32,164,balanced,marriage
269,20,34,163,party,marriage
270,24,26,181,gym,marriage
271,18,35,161,gym,relationship
272,20,32,169,balanced,relationship
273,19,30,178,spiritual,marriage
274,24,28,177,spiritual,marriage
275,19,27,184,party,marriage
276,21,33,155,gym,relationship
277,20,35,159,balanced,dating
278,24,29,168,gym,dating
279,18,19,156,balanced,dating
280,21,24,159,gym,relationship
281,25,27,182,balanced,marriage
282,24,25,174,balanced,relationship
283,23,27,174,spiritual,marriage
284,25,35,157,spiritual,dating
285,25,31,177,gym,relationship
286,25,32,189,gym,relationship
287,23,34,186,gym,relationship
288,18,34,160,spiritual,relationship
289,19,22,170,gym,relationship
290,24,30,170,spiritual,dating
291,23,28,190,spiritual,dating
292,24,26,155,party,marriage
293,18,35,183,gym,marriage
294,20,28,172,spiritual,marriage
295,18,27,162,spiritual,dating
296,25,30,165,gym,relationship
297,23,30,162,party,dating
298,21,29,186,party,dating
299,24,35,166,spiritual,dating
300,22,25,169,balanced,marriage
301,25,29,183,gym,dating
302,20,23,163,gym,relationship
303,25,31,182,gym,marriage
304,23,34,189,gym,relationship
305,25,26,172,spiritual,marriage
306,24,26,159,gym,relationship
307,23,31,180,party,dating
308,19,20,165,gym,marriage
309,20,31,167,spiritual,marriage
310,23,32,171,spiritual,dating
311,20,30,181,gym,marriage
312,18,26,167,party,relationship
313,20,32,180,gym,relationship
314,18,35,155,gym,marriage
315,22,32,188,gym,relationship
316,20,26,170,spiritual,dating
317,21,32,185,spiritual,relationship
318,21,23,166,spiritual,marriage
319,19,24,163,party,dating
320,25,34,159,party,dating
321,24,35,178,party,relationship
322,24,25,182,gym,relationship
323,24,25,167,balanced,relationship
324,25,35,169,party,relationship
325,24,35,165,party,marriage
326,22,30,159,spiritual,marriage
327,18,32,159,gym,marriage
328,20,33,157,balanced,relationship
329,24,29,184,balanced,relationship
330,23,28,185,spiritual,relationship
331,20,28,176,gym,marriage
332,25,31,189,gym,relationship
333,22,27,173,party,relationship
334,23,27,167,balanced,relationship
335,21,35,176,spiritual,relationship
336,22,32,182,party,marriage
337,20,33,173,party,marriage
338,23,35,189,balanced,dating
339,25,35,188,party,dating
340,22,33,170,party,marriage
341,23,26,186,balanced,dating
342,24,32,172,spiritual,marriage
343,23,26,171,gym,relationship
344,19,32,190,spiritual,dating
345,19,26,171,spiritual,relationship
346,22,31,181,party,relationship
347,18,32,186,gym,relationship
348,24,31,175,gym,dating
349,20,22,178,gym,dating
350,19,28,161,balanced,dating
351,19,33,168,gym,marriage
352,18,19,162,balanced,marriage
353,22,27,182,party,dating
354,21,31,172,balanced,dating
355,20,21,190,balanced,dating
356,20,33,179,party,marriage
357,18,24,160,balanced,relationship
358,19,23,170,spiritual,dating
359,21,29,165,party,dating
360,22,24,155,party,marriage
361,22,29,179,spiritual,dating
362,21,23,160,spiritual,marriage
363,25,33,164,spiritual,marriage
364,24,25,189,balanced,dating
365,25,32,188,balanced,relationship
366,18,34,187,spiritual,relationship
367,21,27,164,gym,marriage
368,24,27,180,party,dating
369,23,29,180,balanced,dating
370,22,26,179,spiritual,dating
371,21,32,159,spiritual,marriage
372,18,31,177,balanced,relationship
373,18,34,182,spiritual,relationship
374,19,33,171,balanced,dating
375,22,28,171,spiritual,dating
376,20,24,188,party,dating
377,24,30,158,party,dating
378,20,22,190,gym,relationship
379,19,28,183,party,relationship
380,20,34,182,balanced,dating
381,21,28,174,party,marriage
382,19,27,160,gym,marriage
383,20,25,190,spiritual,relationship
384,20,24,156,party,marriage
385,19,22,161,balanced,dating
386,19,34,190,balanced,marriage
387,20,23,189,party,dating
388,18,29,165,balanced,marriage
389,18,35,187,gym,relationship
390,20,23,158,spiritual,dating
391,20,24,178,balanced,relationship
392,21,29,166,gym,marriage
393,21,24,157,gym,relationship
394,20,21,173,spiritual,marriage
395,25,32,190,spiritual,marriage
396,25,34,177,spiritual,relationship
397,24,27,187,spiritual,dating
398,18,25,159,balanced,relationship
399,19,33,179,spiritual,relationship
400,23,24,175,spiritual,dating
401,18,25,182,party,relationship
402,20,31,174,spiritual,dating
403,20,21,169,spiritual,relationship
404,25,32,184,spiritual,relationship
405,21,29,163,spiritual,dating
406,21,24,161,balanced,relationship
407,18,30,184,spiritual,marriage
408,24,26,173,balanced,marriage
409,25,26,185,gym,relationship
410,23,27,174,party,dating
411,19,24,190,balanced,dating
412,18,35,168,balanced,dating
413,25,32,176,spiritual,relationship
414,23,28,178,gym,marriage
415,19,34,186,spiritual,marriage
416,18,35,159,party,relationship
417,23,34,183,balanced,dating
418,20,33,167,gym,marriage
419,24,29,180,party,dating
420,18,28,155,party,dating
421,24,34,167,spiritual,dating
422,24,33,171,party,dating
423,19,25,157,balanced,marriage
424,25,27,169,spiritual,dating
425,25,27,160,spiritual,relationship
426,23,31,171,balanced,marriage
427,23,32,164,balanced,marriage
428,21,25,156,spiritual,relationship
429,22,28,187,balanced,relationship
430,24,25,174,balanced,dating
431,20,29,169,party,dating
432,25,28,161,balanced,relationship
433,24,31,176,balanced,dating
434,21,24,185,gym,relationship
435,18,32,180,spiritual,dating
436,24,32,156,balanced,relationship
437,19,29,170,spiritual,relationship
438,24,34,168,spiritual,relationship
439,21,26,170,party,relationship
440,20,30,175,spiritual,dating
441,19,22,160,gym,dating
442,24,32,160,party,dating
443,18,34,166,gym,dating
444,22,28,177,gym,dating
445,20,35,174,balanced,dating
446,18,21,157,gym,dating
447,20,35,180,spiritual,dating
448,22,32,173,gym,marriage
449,22,25,159,spiritual,marriage
450,22,25,187,gym,relationship
451,21,33,173,gym,relationship
452,23,34,165,spiritual,relationship
453,23,32,174,balanced,marriage
454,24,31,170,balanced,marriage
455,23,27,170,spiritual,dating
456,20,21,160,gym,marriage
457,19,24,161,spiritual,dating
458,20,32,159,balanced,relationship
459,23,33,170,spiritual,relationship
460,24,26,190,balanced,marriage
461,21,29,157,balanced,dating
462,24,28,177,gym,dating
463,18,27,179,party,relationship
464,25,32,175,spiritual,dating
465,23,35,182,balanced,marriage
466,20,21,165,balanced,relationship
467,19,35,176,party,dating
468,20,24,187,spiritual,relationship
469,21,33,166,spiritual,dating
470,18,30,176,balanced,relationship
471,18,22,185,party,dating
472,20,26,187,balanced,marriage
473,24,33,167,spiritual,marriage
474,18,33,190,balanced,marriage
475,25,26,173,balanced,dating
476,24,34,159,spiritual,relationship
477,25,35,169,balanced,marriage
478,21,29,171,balanced,marriage
479,18,26,171,spiritual,relationship
480,18,35,169,gym,dating
481,25,29,180,gym,relationship
482,18,21,172,spiritual,dating
483,22,35,158,spiritual,marriage
484,21,30,190,balanced,dating
485,21,28,190,balanced,dating
486,21,22,182,gym,relationship
487,21,29,156,gym,dating
488,22,25,173,balanced,relationship
489,20,35,182,party,marriage
490,20,26,161,balanced,relationship
491,19,22,164,gym,dating
492,21,23,172,party,dating
493,25,31,162,spiritual,marriage
494,19,35,172,gym,relationship
495,19,31,166,spiritual,dating
496,22,34,156,gym,dating
497,20,23,176,party,marriage
498,21,29,177,gym,relationship
499,24,31,161,spiritual,dating
500,20,24,185,gym,marriage
501,21,35,186,spiritual,relationship
502,23,34,178,party,dating
503,18,33,167,gym,marriage
504,23,24,178,balanced,relationship
505,18,29,184,gym,dating
506,19,23,163,spiritual,relationship
507,23,25,157,balanced,dating
508,22,31,182,balanced,dating
509,19,21,174,party,marriage
510,22,29,164,balanced,relationship
511,24,26,188,balanced,dating
512,25,30,174,spiritual,dating
513,18,28,175,party,marriage
514,19,24,188,gym,relationship
515,19,23,171,balanced,relationship
516,19,25,168,gym,dating
517,18,27,174,gym,marriage
518,22,31,174,gym,relationship
519,18,28,181,gym,marriage
520,23,28,158,party,dating
521,19,20,161,spiritual,dating
522,25,31,180,gym,relationship
523,20,30,190,party,dating
524,23,26,166,gym,marriage
525,18,34,168,party,dating
526,21,28,155,balanced,marriage
527,21,29,190,party,dating
528,24,28,179,party,marriage
529,22,28,163,spiritual,marriage
530,24,34,173,balanced,dating
531,19,33,171,spiritual,dating
532,19,32,167,balanced,marriage
533,20,30,166,gym,marriage
534,21,24,157,party,dating
535,18,21,180,party,dating
536,22,24,155,party,marriage
537,19,20,181,gym,relationship
538,21,29,164,party,marriage
539,19,31,175,spiritual,relationship
540,22,30,167,party,dating
541,24,30,167,party,relationship
542,25,30,182,gym,relationship
543,18,32,184,party,dating
544,18,33,188,balanced,dating
545,24,26,173,party,relationship
546,22,25,182,gym,relationship
547,19,34,177,balanced,marriage
548,21,29,167,balanced,relationship
549,24,29,165,spiritual,dating
550,25,28,156,party,marriage
551,25,32,169,party,dating
552,22,34,178,balanced,marriage
553,19,28,188,balanced,marriage
554,24,25,159,gym,dating
555,22,27,170,party,marriage
556,25,34,155,party,dating
557,23,35,190,spiritual,marriage
558,23,24,185,party,dating
559,19,29,182,balanced,marriage
560,22,32,167,spiritual,marriage
561,23,25,179,spiritual,marriage
562,21,25,175,gym,relationship
563,23,31,170,balanced,relationship
564,21,28,190,gym,marriage
565,19,23,163,party,relationship
566,18,25,184,spiritual,marriage
567,19,23,190,spiritual,marriage
568,20,24,168,party,relationship
569,19,21,171,gym,marriage
570,24,26,172,spiritual,dating
571,19,30,170,gym,dating
572,22,35,189,party,dating
573,25,30,189,party,marriage
574,18,34,168,spiritual,relationship
575,19,22,187,party,marriage
576,22,23,182,balanced,relationship
577,25,34,165,gym,marriage
578,19,20,172,party,dating
579,20,24,157,party,dating
580,21,25,163,balanced,relationship
581,18,33,169,party,dating
582,19,26,178,balanced,marriage
583,24,27,159,party,relationship
584,24,25,165,balanced,dating
585,20,31,181,gym,dating
586,20,24,159,party,relationship
587,19,33,169,party,relationship
588,23,31,165,party,relationship
589,24,27,183,balanced,relationship
590,22,32,168,gym,dating
591,24,29,179,spiritual,dating
592,19,24,158,party,marriage
593,19,35,180,party,dating
594,20,29,169,party,dating
595,18,35,189,gym,dating
596,19,30,188,gym,relationship
597,22,28,190,party,dating
598,18,32,186,party,dating
599,21,33,160,party,marriage
600,25,27,182,gym,marriage
601,23,31,165,balanced,relationship
602,18,20,155,gym,marriage
603,18,19,160,balanced,dating
604,19,22,167,spiritual,dating
605,25,34,178,gym,marriage
606,18,23,177,balanced,relationship
607,19,29,173,balanced,dating
608,19,24,189,spiritual,relationship
609,25,34,159,party,dating
610,22,31,157,balanced,relationship
611,25,26,187,spiritual,relationship
612,18,20,158,gym,marriage
613,22,26,179,balanced,marriage
614,23,25,178,balanced,marriage
615,20,27,179,gym,dating
616,24,27,172,party,relationship
617,23,34,158,balanced,relationship
618,20,33,179,gym,marriage
619,18,34,158,spiritual,dating
620,21,28,190,spiritual,marriage
621,23,24,188,party,dating
622,19,21,172,gym,dating
623,24,29,188,gym,marriage
624,18,27,171,party,marriage
625,25,33,170,party,relationship
626,21,30,159,spiritual,relationship
627,21,24,159,party,marriage
628,24,34,173,party,marriage
629,22,29,174,party,dating
630,21,28,163,balanced,marriage
631,24,28,161,balanced,relationship
632,19,34,157,spiritual,relationship
633,24,27,177,balanced,relationship
634,18,24,180,party,marriage
635,23,29,189,party,relationship
636,21,35,156,gym,relationship
637,24,29,181,balanced,relationship
638,18,26,161,balanced,dating
639,20,34,172,balanced,marriage
640,20,28,158,balanced,dating
641,22,33,158,balanced,dating
642,21,25,168,balanced,dating
643,22,32,175,gym,relationship
644,21,34,164,gym,dating
645,19,34,188,spiritual,marriage
646,19,21,167,party,marriage
647,19,26,186,party,dating
648,24,35,175,party,dating
649,24,25,159,gym,marriage
650,25,31,179,gym,relationship
651,24,33,188,gym,dating
652,20,24,156,gym,marriage
653,19,30,181,gym,marriage
654,20,34,188,gym,dating
655,24,30,185,spiritual,relationship
656,22,32,162,spiritual,dating
657,21,28,178,balanced,dating
658,18,21,174,gym,dating
659,22,24,189,balanced,dating
660,21,28,188,spiritual,relationship
661,18,23,181,party,dating
662,20,24,187,party,dating
663,21,29,172,balanced,relationship
664,24,26,160,balanced,dating
665,22,25,188,spiritual,marriage
666,18,30,156,balanced,dating
667,25,32,182,spiritual,marriage
668,18,35,161,gym,marriage
669,20,27,156,gym,dating
670,18,35,168,balanced,relationship
671,24,34,160,gym,relationship
672,20,31,184,gym,relationship
673,21,23,166,party,relationship
674,23,29,158,spiritual,marriage
675,20,27,161,spiritual,marriage
676,25,32,190,party,marriage
677,21,30,171,balanced,marriage
678,18,22,170,balanced,marriage
679,18,35,183,party,relationship
680,22,26,185,party,relationship
681,18,25,169,balanced,marriage
682,19,21,161,balanced,relationship
683,18,20,187,balanced,marriage
684,19,29,173,party,dating
685,25,30,165,spiritual,marriage
686,24,34,179,balanced,marriage
687,25,27,188,balanced,dating
688,23,33,179,party,dating
689,23,33,161,balanced,dating
690,22,32,167,party,dating
691,19,25,169,balanced,dating
692,24,31,190,gym,relationship
693,18,34,164,spiritual,marriage
694,19,34,181,gym,marriage
695,25,28,168,balanced,marriage
696,21,30,169,balanced,marriage
697,23,34,170,party,marriage
698,18,28,155,balanced,relationship
699,19,24,182,balanced,dating
700,20,27,177,party,relationship
701,22,24,190,spiritual,marriage
702,24,30,181,gym,dating
703,18,34,182,gym,marriage
704,20,33,167,balanced,marriage
705,23,25,171,party,relationship
706,24,33,164,party,marriage
707,22,31,172,gym,dating
708,20,28,169,gym,dating
709,24,34,180,spiritual,dating
710,18,22,179,party,dating
711,19,26,176,gym,dating
712,19,32,188,gym,marriage
713,22,24,173,gym,marriage
714,23,24,184,spiritual,dating
715,21,35,183,spiritual,marriage
716,20,21,178,party,marriage
717,22,27,156,spiritual,relationship
718,25,35,173,spiritual,dating
719,18,33,163,spiritual,relationship
720,20,30,163,balanced,dating
721,19,35,185,spiritual,dating
722,20,30,159,balanced,dating
723,24,33,189,balanced,dating
724,21,25,167,spiritual,dating
725,19,24,175,balanced,marriage
726,20,24,177,spiritual,dating
727,25,34,160,spiritual,dating
728,21,35,165,gym,dating
729,20,21,179,gym,dating
730,24,28,187,balanced,dating
731,25,33,189,balanced,relationship
732,19,26,168,spiritual,dating
733,22,27,171,gym,marriage
734,20,34,175,gym,dating
735,24,29,187,gym,dating
736,24,29,173,gym,dating
737,25,29,171,gym,relationship
738,25,34,161,party,relationship
739,25,34,165,party,dating
740,18,24,160,spiritual,marriage
741,20,22,167,balanced,marriage
742,24,27,189,balanced,marriage
743,25,35,183,party,relationship
744,21,35,189,party,dating
745,20,29,175,spiritual,dating
746,23,27,183,gym,relationship
747,24,31,162,spiritual,relationship
748,18,31,186,party,relationship
749,20,34,155,balanced,dating
750,24,33,164,gym,marriage
751,20,23,169,balanced,relationship
752,20,22,180,balanced,dating
753,23,32,183,gym,marriage
754,22,29,164,gym,marriage
755,20,22,163,balanced,marriage
756,24,32,157,balanced,dating
757,24,34,189,balanced,marriage
758,18,24,163,gym,relationship
759,18,26,189,spiritual,marriage
760,22,31,173,party,relationship
761,23,35,187,gym,marriage
762,19,29,177,spiritual,marriage
763,25,26,183,gym,relationship
764,20,24,189,spiritual,relationship
765,24,32,167,party,dating
766,25,30,179,gym,marriage
767,19,34,186,spiritual,relationship
768,20,34,182,spiritual,marriage
769,20,34,163,balanced,marriage
770,21,29,157,balanced,marriage
771,18,31,166,party,relationship
772,18,27,156,balanced,relationship
773,24,34,176,spiritual,marriage
774,18,19,162,party,relationship
775,20,33,176,balanced,relationship
776,22,25,188,spiritual,relationship
777,24,28,163,balanced,marriage
778,22,25,170,party,marriage
779,22,35,180,party,dating
780,19,30,180,party,relationship
781,19,30,166,balanced,marriage
782,25,28,176,spiritual,dating
783,20,27,169,party,relationship
784,23,25,169,gym,marriage
785,24,30,178,gym,marriage
786,25,34,171,spiritual,marriage
787,23,24,175,spiritual,marriage
788,22,27,169,gym,dating
789,22,33,162,gym,dating
790,25,35,185,party,dating
791,21,30,176,party,relationship
792,18,21,178,party,relationship
793,22,24,175,balanced,relationship
794,19,30,175,party,dating
795,21,33,166,balanced,marriage
796,21,35,181,spiritual,marriage
797,19,27,182,spiritual,relationship
798,18,19,172,party,marriage
799,19,29,160,gym,relationship
800,20,28,179,gym,marriage
801,25,34,158,party,relationship
802,18,27,178,party,dating
803,23,30,165,party,relationship
804,24,31,158,balanced,marriage
805,24,32,189,spiritual,relationship
806,22,25,163,spiritual,marriage
807,23,32,176,balanced,marriage
808,23,35,182,balanced,relationship
809,22,25,187,party,relationship
810,19,22,182,balanced,dating
811,20,35,155,gym,dating
812,20,33,174,balanced,marriage
813,21,31,169,gym,dating
814,20,31,162,balanced,relationship
815,19,26,155,balanced,relationship
816,25,26,188,party,marriage
817,24,33,166,gym,relationship
818,22,27,188,spiritual,relationship
819,25,28,186,party,relationship
820,25,33,173,spiritual,dating
821,18,23,178,party,relationship
822,22,26,159,party,dating
823,19,24,167,gym,dating
824,21,31,164,gym,marriage
825,22,32,160,gym,relationship
826,18,21,188,party,relationship
827,22,30,165,party,marriage
828,25,31,156,party,relationship
829,24,33,160,spiritual,dating
830,20,35,177,spiritual,relationship
831,23,28,178,balanced,relationship
832,20,27,164,gym,relationship
833,20,30,160,spiritual,relationship
834,21,33,161,spiritual,dating
835,20,32,183,gym,marriage
836,25,28,159,spiritual,marriage
837,21,25,183,party,marriage
838,20,34,156,balanced,dating
839,20,23,168,spiritual,dating
840,19,33,175,gym,marriage
841,22,26,190,party,dating
842,20,26,178,party,marriage
843,21,27,190,balanced,relationship
844,24,26,186,spiritual,marriage
845,25,29,165,spiritual,relationship
846,21,22,176,balanced,relationship
847,25,35,162,party,relationship
848,25,26,166,party,relationship
849,19,25,158,balanced,dating
850,25,34,186,gym,dating
851,25,31,163,party,dating
852,20,21,161,party,relationship
853,24,25,190,party,dating
854,18,20,171,spiritual,marriage
855,25,34,187,spiritual,relationship
856,21,33,178,balanced,dating
857,21,32,189,spiritual,dating
858,18,25,156,balanced,relationship
859,21,28,160,balanced,dating
860,25,27,177,party,dating
861,19,20,164,party,marriage
862,23,34,156,gym,relationship
863,21,29,172,party,dating
864,21,22,181,spiritual,dating
865,21,32,186,gym,marriage
866,19,24,180,gym,marriage
867,20,32,164,gym,dating
868,20,22,184,spiritual,relationship
869,20,21,162,gym,dating
870,19,32,180,gym,dating
871,20,21,162,gym,relationship
872,20,32,176,spiritual,dating
873,21,31,168,gym,relationship
874,21,28,179,balanced,dating
875,18,24,184,balanced,marriage
876,19,24,173,party,dating
877,19,29,156,spiritual,marriage
878,20,35,176,gym,marriage
879,23,26,164,balanced,relationship
880,20,21,167,balanced,relationship
881,24,26,155,party,marriage
882,23,26,186,gym,dating
883,21,29,162,party,relationship
884,21,28,177,balanced,marriage
885,23,30,174,party,dating
886,18,27,159,party,dating
887,20,28,158,spiritual,dating
888,23,33,165,spiritual,dating
889,25,30,158,party,marriage
890,18,33,160,spiritual,relationship
891,18,32,169,party,dating
892,22,31,161,balanced,relationship
893,22,25,155,party,marriage
894,22,23,170,gym,dating
895,18,30,180,spiritual,marriage
896,25,31,182,balanced,marriage
897,19,31,183,balanced,relationship
898,22,29,166,party,relationship
899,25,27,163,balanced,relationship
900,24,25,162,gym,marriage
901,18,22,187,gym,dating
902,21,22,181,party,dating
903,25,32,172,gym,relationship
904,20,27,188,gym,marriage
905,18,35,161,balanced,relationship
906,19,24,156,gym,relationship
907,18,33,160,party,marriage
908,18,32,183,gym,dating
909,18,33,169,balanced,dating
910,18,28,178,balanced,relationship
911,22,26,180,party,dating
912,21,22,156,spiritual,dating
913,23,32,188,balanced,relationship
914,24,31,171,spiritual,dating
915,21,23,190,gym,relationship
916,21,32,167,spiritual,dating
917,25,30,182,spiritual,relationship
918,20,22,177,gym,marriage
919,21,35,163,spiritual,dating
920,18,20,172,spiritual,relationship
921,24,26,174,balanced,marriage
922,18,21,162,gym,relationship
923,25,33,162,balanced,dating
924,18,27,170,gym,marriage
925,22,32,155,balanced,dating
926,19,30,166,gym,relationship
927,18,28,186,spiritual,marriage
928,25,29,159,party,relationship
929,25,27,181,spiritual,marriage
930,22,24,181,spiritual,dating
931,20,24,186,balanced,dating
932,25,33,172,party,dating
933,20,33,175,spiritual,dating
934,21,33,187,balanced,marriage
935,19,34,155,gym,marriage
936,22,25,182,party,dating
937,21,29,158,spiritual,marriage
938,20,22,160,spiritual,dating
939,20,31,156,balanced,dating
940,19,27,178,spiritual,dating
941,19,22,183,gym,marriage
942,22,33,187,gym,dating
943,24,29,174,party,dating
944,19,34,177,party,marriage
945,25,34,178,spiritual,dating
946,20,21,156,balanced,marriage
947,18,32,185,balanced,relationship
948,19,25,167,spiritual,marriage
949,19,29,180,gym,marriage
950,19,25,187,spiritual,marriage
951,22,35,165,spiritual,marriage
952,20,28,180,spiritual,marriage
953,18,27,157,balanced,dating
954,19,28,160,spiritual,dating
955,23,30,157,spiritual,marriage
956,21,24,186,balanced,marriage
957,21,27,179,balanced,dating
958,25,35,180,party,relationship
959,18,32,173,spiritual,relationship
960,21,33,171,spiritual,dating
961,22,30,187,balanced,dating
962,19,34,155,party,marriage
963,23,25,179,party,dating
964,23,33,170,spiritual,relationship
965,20,21,187,party,relationship
966,24,33,187,party,marriage
967,18,32,163,balanced,relationship
968,25,28,188,spiritual,marriage
969,19,33,156,gym,dating
970,22,24,168,gym,marriage
971,21,27,165,party,marriage
972,24,26,169,party,relationship
973,24,25,176,party,dating
974,18,27,175,gym,relationship
975,23,35,156,party,relationship
976,22,35,174,spiritual,dating
977,22,24,161,spiritual,relationship
978,18,25,173,balanced,dating
979,24,31,159,spiritual,marriage
980,25,27,188,party,marriage
981,22,32,189,gym,marriage
982,18,31,184,party,dating
983,22,24,183,balanced,relationship
984,19,27,175,party,relationship
985,24,29,189,spiritual,marriage
986,21,33,180,spiritual,relationship
987,24,34,174,gym,relationship
988,23,33,171,balanced,marriage
989,18,22,162,party,marriage
990,20,21,185,balanced,dating
991,24,25,177,gym,dating
992,25,27,182,gym,dating
993,24,28,181,balanced,dating
994,24,35,163,gym,marriage
995,22,28,178,gym,relationship
996,25,26,158,gym,marriage
997,22,35,163,balanced,marriage
998,22,25,158,balanced,relationship
999,24,35,172,spiritual,relationship
1000,25,32,158,balanced,relationship
1001,22,25,155,balanced,relationship
1002,24,30,186,spiritual,relationship
1003,18,33,174,balanced,dating
1004,21,34,187,gym,relationship
1005,20,24,178,balanced,relationship
1006,24,27,166,spiritual,relationship
1007,22,23,161,spiritual,marriage
1008,23,33,177,party,dating
1009,18,32,165,party,dating
1010,20,23,173,party,relationship
1011,24,32,185,balanced,relationship
1012,20,33,175,gym,relationship
1013,18,22,160,party,relationship
1014,19,22,178,balanced,marriage
1015,24,25,155,gym,dating
1016,25,35,188,spiritual,relationship
1017,25,34,163,party,dating
1018,20,30,177,spiritual,dating
1019,22,30,163,spiritual,relationship
1020,20,31,182,gym,dating
1021,19,25,158,party,marriage
1022,22,26,185,balanced,dating
1023,24,30,179,gym,relationship
1024,23,34,165,balanced,relationship
1025,20,25,163,gym,marriage
1026,21,30,175,balanced,relationship
1027,22,23,157,spiritual,relationship
1028,22,33,178,balanced,marriage
1029,25,31,164,party,dating
1030,19,24,167,party,marriage
1031,25,30,189,spiritual,marriage
1032,19,34,183,spiritual,dating
1033,21,32,173,party,relationship
1034,20,21,167,spiritual,marriage
1035,20,34,159,spiritual,relationship
1036,18,20,159,spiritual,dating
1037,18,27,176,party,dating
1038,24,34,169,balanced,marriage
1039,20,25,169,balanced,dating
1040,22,23,157,gym,marriage
1041,19,32,183,spiritual,marriage
1042,22,31,159,spiritual,relationship
1043,20,25,171,balanced,marriage
1044,23,28,171,spiritual,dating
1045,21,35,189,balanced,marriage
1046,19,35,168,spiritual,marriage
1047,19,20,175,party,marriage
1048,19,24,189,spiritual,marriage
1049,22,31,179,spiritual,marriage
1050,20,35,158,balanced,relationship
1051,25,35,163,spiritual,dating
1052,22,30,163,balanced,relationship
1053,21,22,160,spiritual,marriage
1054,22,25,172,party,dating
1055,21,31,183,party,marriage
1056,21,25,161,party,dating
1057,25,26,180,party,marriage
1058,21,24,188,gym,marriage
1059,21,24,164,gym,dating
1060,19,20,166,party,dating
1061,18,19,159,spiritual,relationship
1062,24,31,162,gym,dating
1063,25,32,162,gym,marriage
1064,19,29,167,balanced,relationship
1065,19,29,158,party,marriage
1066,22,28,170,gym,marriage
1067,18,34,172,spiritual,marriage
1068,20,24,175,balanced,relationship
1069,23,34,161,gym,dating
1070,21,33,156,spiritual,relationship
1071,20,21,178,balanced,relationship
1072,24,32,159,balanced,dating
1073,18,32,182,spiritual,relationship
1074,22,24,159,gym,marriage
1075,24,30,174,gym,marriage
1076,19,27,173,gym,relationship
1077,23,25,180,balanced,marriage
1078,25,26,188,gym,relationship
1079,21,28,181,party,relationship
1080,20,27,189,spiritual,dating
1081,24,34,184,gym,marriage
1082,21,30,182,gym,relationship
1083,25,35,159,balanced,dating
1084,23,33,182,party,relationship
1085,25,27,184,spiritual,dating
1086,21,24,156,gym,dating
1087,24,30,184,party,relationship
1088,18,28,160,gym,marriage
1089,23,26,159,spiritual,relationship
1090,23,32,175,gym,relationship
1091,25,33,173,gym,marriage
1092,20,28,173,spiritual,marriage
1093,20,33,159,gym,marriage
1094,20,25,160,spiritual,dating
1095,24,29,166,party,dating
1096,25,31,187,gym,relationship
1097,18,27,178,balanced,dating
1098,19,31,173,balanced,relationship
1099,18,29,182,party,dating
1100,20,23,178,spiritual,dating
1101,18,20,159,spiritual,dating
1102,23,30,172,gym,relationship
1103,20,24,163,balanced,relationship
1104,20,29,165,balanced,marriage
1105,22,23,158,gym,relationship
1106,20,23,171,spiritual,dating
1107,19,24,181,gym,relationship
1108,23,24,185,gym,dating
1109,23,32,158,gym,dating
1110,23,24,166,spiritual,dating
1111,19,30,166,spiritual,dating
1112,18,30,169,spiritual,dating
1113,20,24,157,gym,relationship
1114,19,33,175,gym,dating
1115,25,30,160,balanced,marriage
1116,23,35,173,party,marriage
1117,20,33,188,spiritual,relationship
1118,21,35,181,balanced,dating
1119,22,27,185,gym,relationship
1120,19,24,185,party,relationship
1121,19,26,159,gym,relationship
1122,23,24,164,balanced,marriage
1123,24,28,166,gym,relationship
1124,22,26,178,spiritual,relationship
1125,21,27,164,spiritual,marriage
1126,18,31,172,spiritual,dating
1127,24,32,167,party,marriage
1128,22,27,189,party,marriage
1129,22,25,175,party,relationship
1130,22,29,163,gym,relationship
1131,23,24,183,spiritual,relationship
1132,18,31,178,spiritual,marriage
1133,23,29,160,balanced,relationship
1134,20,24,166,gym,marriage
1135,18,29,175,gym,dating
1136,25,30,156,gym,dating
1137,19,22,161,spiritual,marriage
1138,24,26,156,party,relationship
1139,22,34,183,spiritual,dating
1140,20,23,156,spiritual,marriage
1141,23,27,175,balanced,marriage
1142,19,25,155,gym,marriage
1143,20,23,183,balanced,marriage
1144,23,24,155,party,relationship
1145,18,21,175,gym,relationship
1146,21,35,166,balanced,marriage
1147,22,30,176,gym,relationship
1148,22,23,186,gym,relationship
1149,21,35,163,spiritual,marriage
1150,18,30,178,gym,dating
1151,19,21,155,spiritual,relationship
1152,21,26,155,party,marriage
1153,19,20,172,balanced,dating
1154,18,25,182,gym,marriage
1155,22,24,159,balanced,marriage
1156,19,27,176,party,marriage
1157,23,29,170,balanced,marriage
1158,23,26,157,balanced,relationship
1159,19,21,158,spiritual,relationship
1160,18,19,180,spiritual,marriage
1161,18,21,189,spiritual,marriage
1162,25,33,171,gym,marriage
1163,21,29,187,balanced,marriage
1164,20,32,168,party,marriage
1165,22,27,178,party,dating
1166,18,31,186,spiritual,relationship
1167,20,26,175,gym,dating
1168,20,31,177,gym,dating
1169,25,29,179,balanced,relationship
1170,20,35,180,party,relationship
1171,19,34,189,balanced,dating
1172,18,24,164,party,dating
1173,22,28,161,gym,dating
1174,18,20,181,gym,relationship
1175,21,22,189,spiritual,marriage
1176,22,26,155,party,dating
1177,19,32,180,spiritual,dating
1178,20,30,155,balanced,marriage
1179,23,31,176,spiritual,relationship
1180,20,22,165,spiritual,relationship
1181,20,27,157,party,dating
1182,24,35,166,gym,marriage
1183,20,28,178,balanced,marriage
1184,20,22,171,spiritual,relationship
1185,18,23,155,spiritual,dating
1186,19,31,165,party,marriage
1187,18,24,167,spiritual,marriage
1188,20,22,165,gym,relationship
1189,19,35,155,balanced,marriage
1190,19,33,161,gym,marriage
1191,24,28,189,balanced,relationship
1192,19,30,184,spiritual,dating
1193,19,32,190,gym,marriage
1194,18,29,170,spiritual,marriage
1195,21,23,190,spiritual,marriage
1196,20,29,185,party,marriage
1197,22,28,174,gym,marriage
1198,19,24,165,spiritual,dating
1199,18,20,166,party,marriage
1200,22,31,163,party,dating
1201,20,21,171,gym,relationship
1202,22,30,172,party,marriage
1203,20,35,188,gym,dating
1204,24,30,167,gym,marriage
1205,20,32,155,party,dating
1206,21,22,172,party,dating
1207,20,23,183,spiritual,relationship
1208,20,32,161,party,relationship
1209,21,22,163,gym,relationship
1210,23,24,181,balanced,relationship
1211,21,22,158,balanced,marriage
1212,21,35,183,spiritual,relationship
1213,23,30,161,party,dating
1214,19,20,165,gym,relationship
1215,19,35,174,spiritual,marriage
1216,18,24,188,party,dating
1217,18,27,170,balanced,dating
1218,24,31,165,party,marriage
1219,19,26,162,spiritual,relationship
1220,18,35,158,balanced,relationship
1221,23,30,180,spiritual,dating
1222,24,28,180,party,dating
1223,24,30,178,gym,relationship
1224,22,35,171,balanced,marriage
1225,18,33,182,spiritual,dating
1226,22,32,167,party,marriage
1227,24,30,155,balanced,marriage
1228,24,27,184,party,dating
1229,20,27,163,spiritual,dating
1230,19,29,164,balanced,dating
1231,24,35,163,balanced,marriage
1232,23,28,164,gym,marriage
1233,18,34,161,spiritual,dating
1234,21,33,174,gym,marriage
1235,24,29,169,party,marriage
1236,23,27,163,balanced,relationship
1237,20,35,178,gym,relationship
1238,21,25,170,balanced,dating
1239,18,26,159,gym,marriage
1240,23,34,188,spiritual,relationship
1241,18,30,172,balanced,relationship
1242,24,34,172,spiritual,relationship
1243,25,32,172,balanced,dating
1244,23,27,182,balanced,marriage
1245,25,30,180,spiritual,marriage
1246,24,26,182,party,relationship
1247,20,22,166,balanced,relationship
1248,23,24,189,gym,marriage
1249,23,33,174,gym,relationship
1250,20,33,180,party,relationship
1251,23,33,179,spiritual,relationship
1252,25,28,162,party,dating
1253,25,30,163,party,relationship
1254,19,28,166,spiritual,dating
1255,22,23,171,party,dating
1256,20,27,162,balanced,relationship
1257,22,26,158,spiritual,marriage
1258,24,28,184,party,dating
1259,18,19,189,gym,relationship
1260,23,26,164,gym,dating
1261,23,35,190,spiritual,dating
1262,22,28,165,party,relationship
1263,22,34,166,spiritual,marriage
1264,25,30,172,spiritual,dating
1265,19,35,167,party,marriage
1266,18,35,181,balanced,marriage
1267,20,24,183,spiritual,relationship
1268,20,30,182,spiritual,marriage
1269,23,30,167,party,relationship
1270,18,22,172,gym,marriage
1271,18,30,164,spiritual,marriage
1272,19,20,178,balanced,marriage
1273,18,20,156,party,relationship
1274,20,32,163,gym,relationship
1275,20,26,184,party,dating
1276,24,25,174,party,marriage
1277,19,26,180,gym,relationship
1278,20,35,157,party,dating
1279,21,28,177,balanced,marriage
1280,20,29,180,party,marriage
1281,18,24,186,party,relationship
1282,20,32,178,balanced,marriage
1283,21,25,164,party,dating
1284,25,29,167,party,dating
1285,22,28,185,party,relationship
1286,21,24,169,spiritual,relationship
1287,19,31,157,spiritual,relationship
1288,19,21,190,spiritual,dating
1289,20,27,186,gym,marriage
1290,20,34,167,spiritual,dating
1291,19,20,186,gym,dating
1292,24,26,177,party,marriage
1293,20,32,160,spiritual,marriage
1294,24,29,189,balanced,relationship
1295,25,29,175,spiritual,relationship
1296,20,23,168,party,marriage
1297,20,23,165,gym,marriage
1298,19,29,171,party,relationship
1299,20,32,166,party,marriage
1300,23,30,158,spiritual,dating
1301,23,27,178,gym,relationship
1302,21,35,185,party,dating
1303,19,21,172,spiritual,marriage
1304,25,30,161,party,dating
1305,25,31,169,balanced,dating
1306,23,26,155,gym,dating
1307,24,27,180,gym,marriage
1308,22,33,180,party,marriage
1309,25,31,179,gym,relationship
1310,22,35,185,gym,relationship
1311,23,28,159,party,marriage
1312,19,31,160,spiritual,marriage
1313,22,24,159,balanced,relationship
1314,24,29,156,gym,marriage
1315,24,34,168,balanced,relationship
1316,25,31,166,gym,relationship
1317,18,23,156,balanced,dating
1318,24,27,155,gym,marriage
1319,25,27,163,gym,dating
1320,22,24,167,party,marriage
1321,24,34,180,spiritual,marriage
1322,25,32,157,spiritual,dating
1323,19,25,182,spiritual,relationship
1324,21,23,166,party,relationship
1325,24,35,156,spiritual,relationship
1326,25,34,181,balanced,dating
1327,21,32,174,party,dating
1328,19,32,176,balanced,dating
1329,18,35,176,party,dating
1330,19,24,157,party,dating
1331,19,31,156,balanced,relationship
1332,24,29,173,spiritual,relationship
1333,25,26,158,gym,dating
1334,24,33,184,spiritual,relationship
1335,22,31,182,spiritual,relationship
1336,22,32,183,spiritual,relationship
1337,19,33,167,spiritual,relationship
1338,24,25,171,balanced,dating
1339,18,32,170,balanced,relationship
1340,21,29,167,gym,marriage
1341,24,29,182,party,relationship
1342,25,27,162,balanced,dating
1343,24,28,175,party,dating
1344,23,33,184,gym,dating
1345,23,29,162,party,marriage
1346,20,28,181,party,relationship
1347,22,26,160,balanced,marriage
1348,22,31,190,balanced,marriage
1349,24,30,173,spiritual,marriage
1350,24,28,174,balanced,relationship
1351,22,34,169,balanced,marriage
1352,22,35,159,balanced,marriage
1353,19,32,170,party,marriage
1354,22,27,183,balanced,dating
1355,22,29,171,gym,marriage
1356,20,23,169,gym,marriage
1357,23,32,181,party,marriage
1358,25,29,189,balanced,dating
1359,21,24,161,gym,marriage
1360,25,28,158,party,dating
1361,25,26,185,balanced,relationship
1362,23,27,173,spiritual,relationship
1363,23,31,163,party,dating
1364,21,22,157,balanced,relationship
1365,24,29,179,gym,dating
1366,21,31,158,gym,dating
1367,23,25,163,gym,dating
1368,25,31,180,balanced,marriage
1369,24,28,176,balanced,marriage
1370,25,26,190,spiritual,dating
1371,21,23,171,balanced,marriage
1372,22,26,171,balanced,relationship
1373,24,28,160,gym,dating
1374,23,24,168,balanced,dating
1375,21,35,181,party,marriage
1376,20,21,170,party,relationship
1377,25,30,166,balanced,relationship
1378,21,32,161,gym,relationship
1379,21,32,183,spiritual,marriage
1380,24,33,156,gym,marriage
1381,23,35,164,balanced,relationship
1382,18,23,160,spiritual,relationship
1383,22,24,184,balanced,dating
1384,18,28,168,balanced,dating
1385,20,24,189,balanced,dating
1386,20,23,190,balanced,relationship
1387,24,30,166,spiritual,relationship
1388,20,24,167,party,marriage
1389,20,30,169,gym,dating
1390,18,23,176,spiritual,marriage
1391,19,26,168,gym,dating
1392,18,26,167,balanced,relationship
1393,25,33,159,gym,marriage
1394,24,32,178,gym,relationship
1395,24,27,185,balanced,relationship
1396,21,33,158,party,relationship
1397,23,27,158,gym,dating
1398,21,33,190,balanced,relationship
1399,20,24,156,party,relationship
1400,20,21,163,balanced,relationship
1401,19,20,160,spiritual,marriage
1402,20,23,163,balanced,dating
1403,23,24,183,spiritual,relationship
1404,25,27,185,spiritual,relationship
1405,22,29,161,party,relationship
1406,18,31,178,party,marriage
1407,25,28,185,party,relationship
1408,19,25,164,balanced,marriage
1409,18,29,179,spiritual,marriage
1410,22,34,171,party,dating
1411,25,29,167,spiritual,marriage
1412,19,25,161,party,dating
1413,19,21,162,spiritual,marriage
1414,18,26,177,spiritual,marriage
1415,18,21,184,gym,relationship
1416,22,34,157,party,marriage
1417,20,26,161,balanced,marriage
1418,23,26,175,gym,relationship
1419,19,25,166,party,relationship
1420,24,29,170,party,marriage
1421,25,28,165,gym,relationship
1422,22,25,164,gym,relationship
1423,20,27,175,balanced,marriage
1424,24,28,167,gym,marriage
1425,21,25,173,balanced,relationship
1426,25,26,174,spiritual,marriage
1427,23,24,172,spiritual,dating
1428,20,21,178,spiritual,marriage
1429,23,25,175,party,marriage
1430,25,33,171,party,relationship
1431,24,35,168,party,marriage
1432,23,30,169,balanced,dating
1433,25,33,185,balanced,dating
1434,20,35,177,party,dating
1435,24,26,180,balanced,marriage
1436,19,24,163,gym,marriage
1437,23,33,165,party,marriage
1438,22,24,159,balanced,relationship
1439,21,22,164,balanced,relationship
1440,24,28,182,party,relationship
1441,20,31,181,party,marriage
1442,22,33,166,gym,relationship
1443,24,26,176,balanced,marriage
1444,18,29,161,party,dating
1445,19,27,189,gym,dating
1446,22,32,189,party,marriage
1447,20,22,160,party,dating
1448,19,25,159,balanced,marriage
1449,22,31,162,balanced,marriage
1450,20,34,182,spiritual,marriage
1451,25,32,174,gym,dating
1452,19,30,171,gym,relationship
1453,22,27,163,gym,dating
1454,24,27,187,spiritual,relationship
1455,25,29,175,balanced,marriage
1456,24,35,180,balanced,relationship
1457,22,35,162,spiritual,marriage
1458,20,24,173,party,dating
1459,20,32,182,party,dating
1460,19,26,166,gym,relationship
1461,19,21,173,party,marriage
1462,22,31,168,gym,relationship
1463,25,34,162,gym,relationship
1464,25,28,181,balanced,marriage
1465,19,25,187,party,dating
1466,18,20,169,spiritual,relationship
1467,24,25,165,gym,dating
1468,18,30,167,party,marriage
1469,23,27,189,spiritual,dating
1470,19,20,175,gym,relationship
1471,20,25,170,party,marriage
1472,18,30,190,party,relationship
1473,20,31,158,gym,relationship
1474,24,33,182,party,relationship
1475,24,28,169,party,marriage
1476,21,35,187,spiritual,marriage
1477,21,25,185,spiritual,marriage
1478,19,30,162,spiritual,dating
1479,24,32,161,party,relationship
1480,22,35,161,gym,dating
1481,21,24,187,party,dating
1482,21,33,164,gym,marriage
1483,21,27,166,spiritual,marriage
1484,19,35,175,gym,relationship
1485,25,33,179,gym,marriage
1486,18,32,178,party,dating
1487,19,28,170,gym,marriage
1488,20,28,183,spiritual,dating
1489,25,34,162,balanced,marriage
1490,24,34,189,party,marriage
1491,22,28,186,party,marriage
1492,18,23,180,spiritual,relationship
1493,24,33,179,party,marriage
1494,23,33,161,party,relationship
1495,25,29,174,party,relationship
1496,23,27,172,spiritual,marriage
1497,18,33,174,party,marriage
1498,18,33,172,spiritual,dating
1499,24,31,174,gym,relationship
1500,24,32,156,gym,marriage
1501,25,30,186,balanced,marriage
1502,23,34,173,spiritual,relationship
1503,19,26,187,balanced,dating
1504,24,32,170,balanced,relationship
1505,23,27,180,gym,relationship
1506,22,35,189,gym,relationship
1507,22,28,155,party,marriage
1508,24,25,175,party,dating
1509,18,24,180,party,relationship
1510,18,31,180,balanced,marriage
1511,18,19,189,party,relationship
1512,22,28,188,gym,dating
1513,18,25,157,balanced,relationship
1514,22,33,189,party,marriage
1515,25,30,161,balanced,relationship
1516,21,22,164,spiritual,relationship
1517,18,20,155,party,dating
1518,23,35,179,spiritual,dating
1519,23,34,168,gym,relationship
1520,24,29,161,balanced,marriage
1521,21,35,183,balanced,relationship
1522,25,35,158,spiritual,marriage
1523,18,22,188,spiritual,dating
1524,24,35,157,gym,dating
1525,21,28,178,gym,dating
1526,21,26,173,balanced,relationship
1527,20,30,157,spiritual,relationship
1528,22,33,176,spiritual,marriage
1529,24,30,165,balanced,dating
1530,24,27,163,gym,relationship
1531,23,33,182,spiritual,dating
1532,23,30,166,party,dating
1533,19,20,176,party,dating
1534,22,30,156,balanced,relationship
1535,22,30,179,balanced,marriage
1536,22,33,175,balanced,marriage
1537,21,31,182,balanced,dating
1538,19,27,189,party,relationship
1539,18,34,160,party,relationship
1540,23,35,177,party,dating
1541,20,32,158,gym,marriage
1542,21,28,163,party,dating
1543,19,35,170,party,marriage
1544,25,33,165,spiritual,relationship
1545,21,31,177,balanced,marriage
1546,23,32,175,party,dating
1547,22,25,177,party,marriage
1548,23,25,180,gym,marriage
1549,23,31,178,gym,relationship
1550,19,21,176,gym,marriage
1551,18,30,174,gym,relationship
1552,25,33,174,balanced,relationship
1553,21,34,178,party,relationship
1554,20,25,183,balanced,dating
1555,25,27,177,balanced,marriage
1556,25,29,171,balanced,marriage
1557,21,22,176,party,relationship
1558,18,26,167,gym,marriage
1559,21,28,160,gym,marriage
1560,21,25,188,party,relationship
1561,18,35,185,party,marriage
1562,19,31,166,spiritual,marriage
1563,25,29,155,balanced,marriage
1564,24,27,175,gym,relationship
1565,20,22,183,balanced,relationship
1566,23,34,168,balanced,marriage
1567,21,29,187,gym,dating
1568,19,31,182,spiritual,dating
1569,22,27,179,spiritual,dating
1570,25,33,179,party,marriage
1571,24,34,159,balanced,dating
1572,21,35,180,party,marriage
1573,22,29,182,balanced,relationship
1574,18,19,157,gym,dating
1575,23,31,169,gym,marriage
1576,21,35,176,party,dating
1577,19,33,188,balanced,relationship
1578,20,31,173,spiritual,relationship
1579,22,32,184,balanced,relationship
1580,20,29,178,spiritual,relationship
1581,23,32,163,gym,marriage
1582,18,24,164,gym,relationship
1583,25,34,159,party,relationship
1584,21,32,183,gym,relationship
1585,18,29,188,balanced,relationship
1586,23,25,172,party,relationship
1587,25,28,188,spiritual,marriage
1588,19,22,166,party,marriage
1589,18,25,188,balanced,relationship
1590,19,22,170,spiritual,marriage
1591,19,28,176,gym,dating
1592,20,34,161,spiritual,relationship
1593,18,30,175,party,marriage
1594,24,31,168,party,relationship
1595,19,30,187,gym,marriage
1596,25,26,175,party,dating
1597,24,25,162,gym,marriage
1598,21,34,160,gym,dating
1599,20,34,185,balanced,dating
1600,23,29,162,party,marriage
1601,24,25,158,balanced,marriage
1602,19,23,157,balanced,relationship
1603,18,23,174,party,marriage
1604,25,29,180,gym,relationship
1605,25,29,179,spiritual,dating
1606,25,27,168,balanced,marriage
1607,24,34,170,party,relationship
1608,21,34,158,gym,marriage
1609,23,32,175,spiritual,dating
1610,23,34,173,spiritual,marriage
1611,21,23,176,spiritual,relationship
1612,21,31,186,party,relationship
1613,23,25,161,spiritual,relationship
1614,21,28,157,party,marriage
1615,21,29,186,party,relationship
1616,18,24,189,spiritual,marriage
1617,24,31,155,balanced,dating
1618,22,25,188,gym,relationship
1619,22,27,159,spiritual,dating
1620,18,22,184,balanced,marriage
1621,21,27,189,balanced,relationship
1622,22,23,178,gym,dating
1623,21,32,190,gym,dating
1624,25,29,155,balanced,dating
1625,25,32,168,spiritual,dating
1626,19,28,171,balanced,relationship
1627,19,27,175,party,dating
1628,24,34,157,spiritual,relationship
1629,24,29,155,party,dating
1630,22,32,187,spiritual,relationship
1631,23,29,162,party,relationship
1632,25,28,186,gym,relationship
1633,22,26,156,spiritual,marriage
1634,19,23,179,balanced,marriage
1635,18,25,174,party,marriage
1636,19,35,168,spiritual,relationship
1637,23,32,169,party,dating
1638,24,29,185,spiritual,dating
1639,22,24,169,gym,marriage
1640,18,22,177,party,marriage
1641,24,25,166,party,relationship
1642,20,26,171,party,dating
1643,22,24,165,party,dating
1644,18,30,183,spiritual,dating
1645,18,27,172,gym,dating
1646,18,34,172,gym,marriage
1647,21,24,172,balanced,dating
1648,19,21,185,balanced,dating
1649,20,23,172,spiritual,dating
1650,25,28,179,balanced,marriage
1651,24,28,166,party,relationship
1652,19,35,174,party,dating
1653,22,23,171,party,dating
1654,24,26,161,gym,dating
1655,21,26,179,spiritual,dating
1656,24,28,158,spiritual,dating
1657,20,29,180,spiritual,marriage
1658,20,21,164,gym,dating
1659,23,27,180,spiritual,marriage
1660,20,22,178,party,relationship
1661,18,19,176,spiritual,relationship
1662,23,24,158,gym,relationship
1663,21,24,176,gym,dating
1664,25,29,184,gym,dating
1665,18,33,165,party,dating
1666,19,26,189,spiritual,marriage
1667,18,35,185,gym,marriage
1668,24,32,164,party,dating
1669,18,27,175,balanced,marriage
1670,24,26,186,gym,marriage
1671,20,29,159,spiritual,dating
1672,25,30,174,party,relationship
1673,18,23,169,balanced,relationship
1674,20,23,178,party,dating
1675,24,25,164,balanced,dating
1676,21,31,172,gym,dating
1677,18,27,174,spiritual,relationship
1678,20,27,156,party,marriage
1679,20,27,177,balanced,dating
1680,21,24,185,spiritual,dating
1681,25,35,174,gym,marriage
1682,20,25,177,balanced,marriage
1683,23,25,179,gym,dating
1684,19,23,162,balanced,marriage
1685,19,25,182,spiritual,marriage
1686,22,34,189,spiritual,relationship
1687,25,34,182,spiritual,dating
1688,21,29,179,gym,dating
1689,22,27,184,balanced,dating
1690,21,29,190,gym,marriage
1691,19,21,186,balanced,marriage
1692,20,22,182,balanced,dating
1693,18,31,188,party,relationship
1694,20,34,167,balanced,dating
1695,22,31,172,spiritual,relationship
1696,25,26,187,party,dating
1697,21,31,188,spiritual,relationship
1698,22,29,166,party,marriage
1699,18,24,159,party,dating
1700,25,28,155,balanced,relationship
1701,18,25,168,gym,dating
1702,18,19,190,spiritual,dating
1703,22,34,180,spiritual,dating
1704,19,20,155,gym,dating
1705,22,24,180,gym,dating
1706,19,32,164,party,dating
1707,25,29,184,spiritual,marriage
1708,18,31,155,balanced,relationship
1709,19,33,185,balanced,relationship
1710,21,22,158,gym,marriage
1711,22,33,169,party,relationship
1712,19,23,170,spiritual,dating
1713,19,22,175,gym,marriage
1714,23,35,171,balanced,marriage
1715,20,33,174,party,dating
1716,21,32,171,gym,dating
1717,23,27,175,party,relationship
1718,24,31,156,spiritual,relationship
1719,24,34,171,balanced,marriage
1720,22,29,182,spiritual,dating
1721,18,22,158,party,relationship
1722,18,23,189,gym,marriage
1723,20,35,163,party,marriage
1724,25,35,173,gym,dating
1725,24,27,157,balanced,marriage
1726,19,35,171,balanced,dating
1727,25,29,177,party,relationship
1728,22,25,169,balanced,relationship
1729,18,19,173,gym,dating
1730,19,24,190,balanced,dating
1731,19,33,159,party,marriage
1732,23,29,156,balanced,marriage
1733,24,26,157,gym,relationship
1734,20,24,158,balanced,relationship
1735,24,25,158,gym,dating
1736,21,30,164,spiritual,dating
1737,18,21,166,party,dating
1738,24,26,177,gym,dating
1739,18,27,189,balanced,dating
1740,25,32,182,balanced,dating
1741,22,27,179,gym,relationship
1742,20,35,164,spiritual,relationship
1743,21,35,174,spiritual,dating
1744,19,22,176,party,dating
1745,23,31,168,balanced,relationship
1746,20,25,170,balanced,marriage
1747,24,26,186,spiritual,marriage
1748,20,23,175,gym,marriage
1749,20,34,184,party,relationship
1750,25,26,187,spiritual,relationship
1751,24,30,180,party,dating
1752,22,24,183,spiritual,marriage
1753,25,34,172,balanced,relationship
1754,25,27,165,gym,marriage
1755,21,27,155,gym,relationship
1756,19,29,187,spiritual,relationship
1757,20,23,170,balanced,relationship
1758,21,26,158,balanced,marriage
1759,24,31,190,party,dating
1760,20,22,176,spiritual,relationship
1761,23,26,177,balanced,marriage
1762,20,21,180,balanced,relationship
1763,19,23,161,spiritual,dating
1764,19,24,184,party,dating
1765,24,28,174,party,relationship
1766,22,31,187,party,marriage
1767,19,28,181,gym,relationship
1768,24,29,156,balanced,dating
1769,19,21,166,gym,dating
1770,23,28,167,balanced,dating
1771,20,24,156,gym,marriage
1772,24,25,174,spiritual,dating
1773,21,29,164,gym,marriage
1774,24,25,158,party,dating
1775,18,25,161,spiritual,marriage
1776,18,21,160,balanced,dating
1777,18,25,174,spiritual,dating
1778,21,23,186,gym,marriage
1779,25,34,181,gym,marriage
1780,19,32,164,balanced,marriage
1781,18,35,171,gym,marriage
1782,22,33,184,balanced,relationship
1783,18,22,159,party,relationship
1784,23,27,176,party,marriage
1785,19,20,185,party,marriage
1786,25,34,155,spiritual,dating
1787,25,35,158,party,relationship
1788,19,33,161,spiritual,dating
1789,19,35,164,party,dating
1790,24,29,185,spiritual,dating
1791,21,29,176,party,dating
1792,25,32,190,gym,dating
1793,20,33,173,gym,marriage
1794,23,29,184,gym,dating
1795,20,31,171,balanced,dating
1796,20,24,180,party,dating
1797,19,32,157,spiritual,marriage
1798,24,33,177,spiritual,relationship
1799,24,35,185,gym,relationship
1800,25,31,159,spiritual,marriage
1801,19,27,178,party,dating
1802,23,24,162,spiritual,relationship
1803,20,27,159,gym,relationship
1804,18,25,167,balanced,dating
1805,22,35,165,balanced,dating
1806,19,27,163,balanced,marriage
1807,22,31,159,party,dating
1808,18,28,161,spiritual,marriage
1809,19,20,175,party,dating
1810,20,22,178,gym,relationship
1811,25,31,190,spiritual,marriage
1812,22,29,170,party,marriage
1813,23,27,174,gym,dating
1814,18,29,156,gym,relationship
1815,25,32,171,party,relationship
1816,24,26,175,spiritual,dating
1817,23,29,162,party,marriage
1818,19,34,186,balanced,dating
1819,20,24,178,spiritual,marriage
1820,19,30,178,balanced,dating
1821,24,35,157,spiritual,dating
1822,21,33,179,gym,dating
1823,22,35,173,spiritual,marriage
1824,23,28,182,spiritual,relationship
1825,20,21,177,gym,relationship
1826,19,20,184,party,dating
1827,25,27,178,spiritual,relationship
1828,25,34,169,spiritual,marriage
1829,18,25,161,spiritual,relationship
1830,22,26,188,gym,dating
1831,25,30,159,balanced,marriage
1832,23,35,184,party,relationship
1833,18,24,166,balanced,relationship
1834,24,35,188,spiritual,dating
1835,25,28,190,balanced,dating
1836,25,32,182,balanced,dating
1837,18,33,179,party,dating
1838,25,27,168,balanced,dating
1839,24,32,181,party,relationship
1840,20,24,188,spiritual,marriage
1841,25,35,158,spiritual,marriage
1842,18,27,188,spiritual,marriage
1843,21,24,158,balanced,relationship
1844,21,26,155,balanced,dating
1845,20,28,167,spiritual,marriage
1846,19,30,183,spiritual,relationship
1847,18,29,167,balanced,relationship
1848,25,26,185,spiritual,relationship
1849,23,29,171,party,relationship
1850,19,20,170,balanced,dating
1851,20,28,168,spiritual,marriage
1852,20,28,168,party,dating
1853,20,23,164,spiritual,dating
1854,19,22,184,balanced,marriage
1855,25,32,162,spiritual,dating
1856,24,27,158,balanced,dating
1857,23,25,173,balanced,marriage
1858,24,34,190,party,dating
1859,23,26,161,spiritual,marriage
1860,18,25,166,party,dating
1861,20,32,181,gym,dating
1862,22,25,180,balanced,relationship
1863,19,21,182,gym,dating
1864,25,33,156,party,dating
1865,24,28,183,gym,relationship
1866,18,20,173,party,dating
1867,20,27,184,party,relationship
1868,22,29,169,gym,relationship
1869,20,30,172,spiritual,relationship
1870,21,30,155,party,marriage
1871,18,31,175,balanced,dating
1872,20,35,177,balanced,dating
1873,21,33,169,party,relationship
1874,20,33,186,party,marriage
1875,19,25,162,spiritual,dating
1876,23,34,158,balanced,marriage
1877,24,25,163,spiritual,marriage
1878,24,32,180,balanced,dating
1879,25,28,190,balanced,relationship
1880,21,31,186,balanced,marriage
1881,23,24,183,gym,marriage
1882,24,29,155,spiritual,marriage
1883,25,31,181,gym,dating
1884,18,19,161,party,marriage
1885,18,24,166,gym,relationship
1886,22,26,157,balanced,relationship
1887,18,26,166,party,relationship
1888,21,25,168,party,dating
1889,20,24,177,gym,dating
1890,20,33,178,balanced,relationship
1891,18,22,169,balanced,relationship
1892,23,35,157,party,relationship
1893,22,34,168,party,dating
1894,21,24,173,party,relationship
1895,20,30,182,party,dating
1896,18,30,189,party,dating
1897,20,34,172,balanced,dating
1898,20,35,158,spiritual,relationship
1899,24,30,163,gym,dating
1900,20,24,186,spiritual,dating
1901,19,35,184,balanced,marriage
1902,23,28,165,gym,dating
1903,24,27,172,gym,marriage
1904,21,29,176,gym,marriage
1905,20,23,180,spiritual,dating
1906,21,23,185,balanced,dating
1907,24,27,182,balanced,relationship
1908,23,26,187,spiritual,relationship
1909,24,26,164,gym,marriage
1910,24,26,183,party,dating
1911,18,24,189,balanced,relationship
1912,20,25,158,party,dating
1913,19,22,177,party,relationship
1914,23,24,175,gym,relationship
1915,21,33,163,gym,marriage
1916,19,29,170,gym,marriage
1917,25,33,184,party,relationship
1918,25,35,163,balanced,marriage
1919,22,25,164,gym,marriage
1920,21,33,171,balanced,marriage
1921,19,25,155,balanced,marriage
1922,25,33,157,spiritual,relationship
1923,24,34,167,party,dating
1924,20,30,190,spiritual,relationship
1925,19,31,158,party,relationship
1926,25,34,173,spiritual,relationship
1927,18,35,176,balanced,marriage
1928,21,35,189,party,relationship
1929,24,32,163,spiritual,dating
1930,18,35,172,spiritual,relationship
1931,20,31,165,balanced,relationship
1932,21,35,175,balanced,dating
1933,24,27,190,party,dating
1934,20,34,177,gym,dating
1935,20,26,180,party,relationship
1936,25,28,190,spiritual,dating
1937,22,25,155,gym,dating
1938,20,24,172,gym,relationship
1939,20,30,155,gym,marriage
1940,24,31,165,spiritual,dating
1941,20,27,180,gym,relationship
1942,23,24,178,spiritual,dating
1943,20,22,185,balanced,marriage
1944,18,19,169,gym,dating
1945,19,27,170,balanced,dating
1946,20,23,165,balanced,relationship
1947,19,22,169,spiritual,dating
1948,18,32,156,party,relationship
1949,25,26,175,spiritual,relationship
1950,24,26,181,gym,relationship
1951,24,27,180,balanced,dating
1952,23,24,155,balanced,dating
1953,25,28,167,balanced,relationship
1954,19,34,182,party,dating
1955,19,26,167,spiritual,dating
1956,18,27,173,gym,relationship
1957,22,25,167,gym,relationship
1958,23,28,173,gym,marriage
1959,21,29,166,spiritual,relationship
1960,24,33,178,spiritual,relationship
1961,18,32,168,balanced,marriage
1962,22,25,157,balanced,relationship
1963,19,35,175,balanced,dating
1964,25,26,160,spiritual,marriage
1965,21,24,174,party,dating
1966,20,25,190,party,relationship
1967,22,27,172,gym,relationship
1968,20,24,172,balanced,relationship
1969,23,27,187,spiritual,marriage
1970,22,30,155,party,relationship
1971,22,35,189,balanced,marriage
1972,21,28,163,spiritual,marriage
1973,18,27,184,party,dating
1974,24,29,159,gym,dating
1975,23,27,187,balanced,marriage
1976,23,31,172,party,dating
1977,24,29,170,balanced,marriage
1978,18,20,169,spiritual,marriage
1979,19,28,182,gym,relationship
1980,25,32,161,balanced,dating
1981,25,34,188,balanced,relationship
1982,21,29,158,spiritual,marriage
1983,24,26,189,spiritual,marriage
1984,23,30,171,spiritual,relationship
1985,20,31,179,party,relationship
1986,19,31,174,gym,marriage
1987,23,32,157,gym,dating
1988,25,33,165,gym,dating
1989,22,28,157,spiritual,marriage
1990,24,25,173,party,relationship
1991,24,31,157,balanced,dating
1992,21,33,170,spiritual,relationship
1993,24,34,187,party,dating
1994,18,31,185,spiritual,marriage
1995,21,22,180,spiritual,marriage
1996,19,24,166,party,relationship
1997,24,32,172,gym,marriage
1998,18,35,183,spiritual,relationship
1999,21,30,176,gym,relationship
