user_id,age,gender,lifestyle,intent,education
0,19,F,moderate,dating,school
1,33,F,moderate,dating,master
2,35,F,sedentary,serious,master
3,21,F,moderate,serious,bachelor
4,29,M,moderate,dating,master
5,31,M,active,serious,bachelor
6,28,M,sedentary,serious,phd
7,21,M,moderate,friendship,master
8,32,F,moderate,dating,master
9,27,F,moderate,serious,bachelor
10,19,M,sedentary,dating,school
11,18,M,sedentary,friendship,phd
12,24,F,sedentary,serious,school
13,19,F,sedentary,serious,school
14,20,M,sedentary,dating,bachelor
15,22,F,sedentary,serious,master
16,29,F,active,serious,master
17,28,M,active,serious,master
18,25,F,moderate,serious,bachelor
19,32,F,sedentary,dating,phd
20,29,F,sedentary,friendship,school
21,31,M,sedentary,friendship,phd
22,33,M,active,serious,school
23,21,M,active,serious,master
24,18,M,active,dating,master
25,21,F,active,serious,school
26,24,M,moderate,serious,master
27,18,M,active,friendship,phd
28,19,M,active,friendship,phd
29,18,M,active,serious,master
30,30,F,sedentary,friendship,master
31,25,M,active,dating,school
32,21,F,active,dating,master
33,24,M,sedentary,serious,master
34,19,F,moderate,serious,master
35,21,M,sedentary,dating,school
36,28,M,active,serious,bachelor
37,35,M,active,friendship,master
38,21,F,moderate,friendship,school
39,19,M,moderate,serious,phd
40,23,F,moderate,dating,master
41,25,F,moderate,friendship,phd
42,28,F,sedentary,serious,phd
43,22,M,active,dating,phd
44,18,F,active,dating,master
45,26,F,active,friendship,school
46,31,F,moderate,friendship,bachelor
47,18,F,sedentary,serious,master
48,25,M,moderate,dating,phd
49,19,M,active,serious,master
50,30,M,sedentary,friendship,school
51,29,M,moderate,serious,school
52,27,M,active,serious,phd
53,29,M,sedentary,serious,bachelor
54,21,M,sedentary,friendship,master
55,31,M,moderate,serious,school
56,27,M,moderate,serious,phd
57,24,F,active,friendship,phd
58,21,F,active,friendship,bachelor
59,27,M,sedentary,serious,master
60,33,M,active,serious,phd
61,22,M,sedentary,friendship,school
62,28,M,moderate,friendship,bachelor
63,29,M,sedentary,serious,master
64,27,M,moderate,friendship,phd
65,29,M,active,friendship,bachelor
66,19,F,active,dating,school
67,20,M,active,friendship,phd
68,24,M,active,friendship,phd
69,33,M,active,dating,bachelor
70,20,M,active,serious,school
71,29,F,sedentary,serious,school
72,18,M,sedentary,friendship,phd
73,25,F,moderate,serious,bachelor
74,26,M,moderate,dating,bachelor
75,31,M,active,dating,master
76,28,F,sedentary,serious,master
77,27,M,sedentary,dating,bachelor
78,29,M,sedentary,dating,school
79,35,M,moderate,friendship,master
80,28,F,active,dating,phd
81,22,F,sedentary,serious,school
82,35,F,active,dating,bachelor
83,32,M,active,dating,bachelor
84,33,M,active,dating,school
85,35,M,active,serious,bachelor
86,19,F,moderate,serious,master
87,25,F,active,serious,phd
88,24,F,active,dating,bachelor
89,21,F,active,friendship,master
90,32,F,sedentary,dating,master
91,22,F,moderate,serious,school
92,27,F,sedentary,friendship,master
93,24,M,sedentary,serious,school
94,30,F,sedentary,friendship,phd
95,20,M,active,friendship,phd
96,19,M,sedentary,serious,master
97,24,M,moderate,dating,bachelor
98,25,F,moderate,dating,master
99,21,F,sedentary,friendship,phd
100,27,F,active,friendship,bachelor
101,25,M,active,serious,bachelor
102,35,M,sedentary,friendship,school
103,34,F,sedentary,dating,phd
104,24,F,moderate,friendship,phd
105,28,M,sedentary,friendship,master
106,23,M,sedentary,friendship,bachelor
107,33,F,sedentary,dating,bachelor
108,24,M,sedentary,serious,phd
109,18,M,sedentary,friendship,phd
110,25,M,active,friendship,school
111,35,M,sedentary,friendship,master
112,32,F,sedentary,friendship,phd
113,31,M,active,friendship,school
114,18,M,active,dating,bachelor
115,28,F,active,friendship,master
116,28,M,moderate,dating,phd
117,25,F,moderate,dating,school
118,30,F,active,serious,master
119,19,M,active,dating,phd
120,27,F,active,serious,phd
121,34,M,active,friendship,school
122,24,M,sedentary,serious,school
123,30,M,moderate,serious,school
124,24,F,moderate,dating,bachelor
125,19,F,moderate,serious,master
126,24,F,moderate,serious,bachelor
127,25,F,sedentary,friendship,master
128,23,F,active,dating,master
129,33,M,active,friendship,school
130,22,M,sedentary,friendship,master
131,30,F,sedentary,serious,phd
132,23,F,moderate,friendship,phd
133,23,F,active,friendship,master
134,18,F,sedentary,friendship,phd
135,24,F,sedentary,friendship,master
136,24,M,moderate,dating,bachelor
137,33,F,sedentary,serious,phd
138,23,F,moderate,serious,master
139,35,M,sedentary,serious,school
140,25,M,active,dating,phd
141,26,M,moderate,dating,bachelor
142,20,M,active,dating,bachelor
143,29,F,sedentary,friendship,school
144,25,F,sedentary,friendship,master
145,27,F,moderate,serious,bachelor
146,20,M,active,friendship,bachelor
147,24,M,active,dating,school
148,32,M,sedentary,friendship,phd
149,29,F,sedentary,dating,bachelor
150,28,F,active,serious,school
151,32,F,active,dating,phd
152,31,M,moderate,dating,school
153,26,M,active,friendship,master
154,23,M,moderate,friendship,school
155,20,M,moderate,serious,school
156,22,M,active,friendship,bachelor
157,30,M,sedentary,friendship,bachelor
158,27,M,active,friendship,phd
159,25,F,sedentary,friendship,bachelor
160,18,M,sedentary,friendship,master
161,25,F,moderate,serious,phd
162,33,M,sedentary,friendship,master
163,28,F,sedentary,friendship,school
164,22,M,moderate,serious,phd
165,27,M,sedentary,serious,school
166,35,F,sedentary,dating,phd
167,33,M,active,friendship,school
168,32,M,sedentary,serious,school
169,27,M,moderate,serious,master
170,21,F,moderate,friendship,phd
171,24,F,active,dating,school
172,31,M,moderate,friendship,master
173,31,F,sedentary,serious,bachelor
174,30,M,sedentary,friendship,bachelor
175,27,M,moderate,dating,bachelor
176,25,F,moderate,serious,school
177,24,M,active,serious,bachelor
178,33,M,moderate,dating,master
179,28,M,active,friendship,bachelor
180,24,M,moderate,serious,master
181,30,F,moderate,serious,school
182,32,M,sedentary,dating,bachelor
183,24,M,moderate,dating,master
184,24,M,active,friendship,bachelor
185,26,F,sedentary,serious,master
186,23,M,sedentary,dating,phd
187,35,M,active,friendship,master
188,20,M,moderate,serious,school
189,24,F,moderate,friendship,bachelor
190,27,M,moderate,serious,bachelor
191,22,F,active,dating,phd
192,19,M,moderate,serious,school
193,18,M,active,dating,school
194,35,F,sedentary,dating,phd
195,21,M,active,serious,bachelor
196,30,M,sedentary,serious,master
197,24,M,sedentary,friendship,school
198,20,F,moderate,serious,bachelor
199,24,M,sedentary,serious,bachelor
200,32,F,sedentary,dating,master
201,19,F,moderate,serious,master
202,33,M,active,friendship,bachelor
203,24,F,sedentary,serious,bachelor
204,30,F,active,serious,school
205,35,M,moderate,serious,phd
206,25,F,active,serious,master
207,18,M,moderate,friendship,master
208,22,M,active,friendship,phd
209,29,M,sedentary,serious,school
210,30,M,moderate,dating,master
211,30,F,moderate,friendship,master
212,21,M,moderate,dating,phd
213,33,M,active,serious,phd
214,26,F,active,dating,bachelor
215,30,F,sedentary,serious,phd
216,35,F,sedentary,serious,bachelor
217,23,M,active,serious,phd
218,21,F,moderate,serious,master
219,29,M,moderate,friendship,master
220,23,M,sedentary,serious,phd
221,30,F,active,dating,phd
222,19,M,active,friendship,phd
223,25,F,moderate,serious,master
224,32,M,active,serious,bachelor
225,23,M,sedentary,serious,bachelor
226,19,M,moderate,friendship,phd
227,26,F,active,dating,phd
228,33,M,moderate,serious,master
229,26,F,active,dating,bachelor
230,18,M,sedentary,serious,school
231,27,F,sedentary,friendship,master
232,28,M,active,serious,master
233,19,F,sedentary,serious,bachelor
234,24,M,sedentary,serious,master
235,21,M,sedentary,friendship,master
236,18,M,sedentary,friendship,bachelor
237,33,F,moderate,friendship,school
238,33,F,active,serious,school
239,35,F,moderate,serious,phd
240,30,F,sedentary,dating,master
241,24,M,moderate,dating,school
242,29,F,sedentary,dating,phd
243,29,M,active,serious,phd
244,21,M,sedentary,friendship,school
245,22,F,sedentary,serious,master
246,28,M,sedentary,dating,phd
247,22,F,moderate,serious,master
248,27,M,active,serious,phd
249,35,M,active,friendship,phd
250,30,M,sedentary,dating,school
251,25,F,moderate,dating,school
252,29,M,moderate,friendship,school
253,22,F,sedentary,serious,phd
254,26,M,sedentary,friendship,master
255,24,M,active,serious,bachelor
256,32,M,active,serious,bachelor
257,20,M,active,friendship,master
258,23,M,sedentary,friendship,master
259,25,F,sedentary,dating,bachelor
260,33,F,moderate,friendship,master
261,33,F,sedentary,friendship,bachelor
262,18,M,moderate,dating,school
263,19,M,sedentary,friendship,phd
264,18,M,active,serious,phd
265,24,F,sedentary,serious,phd
266,34,M,active,friendship,phd
267,33,F,moderate,friendship,phd
268,25,M,active,dating,phd
269,27,F,moderate,dating,master
270,30,F,sedentary,friendship,school
271,22,M,sedentary,friendship,school
272,19,F,sedentary,serious,phd
273,20,F,sedentary,friendship,bachelor
274,20,F,moderate,friendship,phd
275,21,M,moderate,dating,bachelor
276,28,M,active,serious,master
277,22,M,moderate,friendship,bachelor
278,35,M,moderate,friendship,phd
279,24,F,active,serious,school
280,26,F,sedentary,dating,school
281,24,M,active,dating,school
282,30,M,active,dating,school
283,19,M,moderate,serious,school
284,25,F,sedentary,serious,bachelor
285,26,M,active,friendship,phd
286,27,M,active,dating,bachelor
287,25,F,sedentary,friendship,phd
288,35,F,sedentary,friendship,bachelor
289,32,M,active,dating,master
290,28,M,moderate,friendship,school
291,18,M,active,friendship,school
292,29,M,active,serious,school
293,28,F,active,dating,school
294,23,F,sedentary,serious,phd
295,23,M,active,friendship,school
296,29,M,moderate,serious,master
297,28,M,moderate,serious,phd
298,35,F,sedentary,friendship,phd
299,22,M,sedentary,dating,bachelor
300,27,F,active,dating,master
301,23,M,active,dating,bachelor
302,29,F,moderate,serious,school
303,34,M,moderate,friendship,school
304,24,F,active,serious,school
305,35,M,sedentary,dating,phd
306,34,F,active,friendship,bachelor
307,28,F,moderate,serious,school
308,25,M,active,dating,phd
309,19,F,moderate,friendship,master
310,28,M,active,friendship,phd
311,32,M,sedentary,dating,phd
312,23,M,moderate,dating,school
313,28,F,moderate,friendship,master
314,22,M,active,dating,bachelor
315,24,F,moderate,dating,bachelor
316,32,F,moderate,dating,phd
317,21,F,moderate,serious,bachelor
318,24,M,sedentary,serious,school
319,31,M,active,serious,bachelor
320,33,M,sedentary,serious,school
321,27,F,moderate,dating,school
322,34,M,moderate,serious,master
323,26,F,moderate,friendship,school
324,29,F,active,serious,master
325,26,M,sedentary,friendship,bachelor
326,29,F,sedentary,serious,phd
327,32,M,sedentary,serious,bachelor
328,32,F,moderate,friendship,bachelor
329,27,F,moderate,friendship,school
330,33,F,active,serious,school
331,29,M,moderate,dating,master
332,34,M,sedentary,dating,phd
333,30,M,moderate,dating,phd
334,22,F,moderate,dating,phd
335,25,F,moderate,dating,phd
336,22,F,moderate,friendship,school
337,19,M,moderate,serious,phd
338,18,M,sedentary,serious,master
339,25,F,sedentary,serious,school
340,22,F,sedentary,dating,phd
341,21,F,moderate,friendship,master
342,24,M,active,dating,master
343,22,F,active,serious,bachelor
344,25,F,active,serious,phd
345,26,M,moderate,friendship,bachelor
346,29,F,active,friendship,master
347,33,M,sedentary,friendship,master
348,24,F,sedentary,serious,phd
349,24,F,moderate,dating,master
350,33,F,active,serious,school
351,23,M,moderate,friendship,phd
352,20,M,active,serious,master
353,30,F,moderate,dating,school
354,23,M,active,serious,master
355,25,M,active,friendship,bachelor
356,19,F,active,dating,master
357,24,F,moderate,friendship,school
358,22,M,moderate,friendship,master
359,19,M,active,serious,master
360,20,M,active,serious,bachelor
361,27,F,active,dating,phd
362,29,M,sedentary,dating,master
363,23,M,moderate,serious,bachelor
364,27,F,moderate,friendship,phd
365,26,M,sedentary,friendship,master
366,26,F,moderate,friendship,school
367,33,M,moderate,dating,master
368,26,F,moderate,friendship,master
369,26,F,sedentary,serious,school
370,30,M,sedentary,serious,master
371,26,F,sedentary,dating,school
372,21,M,active,serious,school
373,20,M,sedentary,dating,phd
374,24,M,moderate,dating,master
375,34,F,sedentary,dating,school
376,21,M,sedentary,serious,bachelor
377,20,F,active,dating,bachelor
378,27,F,sedentary,serious,school
379,29,F,sedentary,friendship,master
380,23,F,moderate,friendship,school
381,27,M,moderate,dating,master
382,31,M,moderate,dating,phd
383,20,M,active,dating,school
384,23,M,moderate,friendship,phd
385,33,F,sedentary,friendship,bachelor
386,28,M,active,dating,phd
387,31,F,moderate,friendship,bachelor
388,29,F,moderate,dating,school
389,27,M,active,dating,phd
390,32,M,moderate,dating,master
391,24,M,active,dating,school
392,29,M,sedentary,dating,school
393,22,F,moderate,friendship,phd
394,27,F,moderate,friendship,phd
395,34,M,active,serious,master
396,21,M,active,friendship,phd
397,19,M,moderate,dating,master
398,26,M,sedentary,serious,bachelor
399,28,F,active,dating,phd
400,34,M,active,friendship,phd
401,24,M,active,friendship,school
402,30,M,active,friendship,school
403,33,M,active,dating,bachelor
404,23,F,moderate,serious,phd
405,27,F,sedentary,serious,bachelor
406,27,M,sedentary,friendship,bachelor
407,30,M,sedentary,friendship,master
408,22,M,active,friendship,phd
409,24,M,sedentary,friendship,school
410,24,M,sedentary,serious,phd
411,21,M,sedentary,friendship,master
412,33,M,active,dating,master
413,35,F,active,dating,master
414,30,M,sedentary,serious,bachelor
415,33,F,active,friendship,master
416,28,M,sedentary,serious,master
417,25,M,moderate,dating,bachelor
418,27,F,active,dating,master
419,27,M,sedentary,serious,phd
420,34,M,moderate,friendship,bachelor
421,28,F,sedentary,friendship,school
422,22,F,sedentary,friendship,phd
423,23,M,moderate,dating,phd
424,22,M,moderate,friendship,phd
425,23,M,moderate,friendship,bachelor
426,21,F,moderate,serious,school
427,30,F,moderate,dating,master
428,29,F,active,serious,school
429,27,M,moderate,friendship,bachelor
430,30,M,active,dating,master
431,21,M,sedentary,friendship,phd
432,27,M,moderate,friendship,phd
433,23,F,sedentary,dating,school
434,22,F,active,dating,school
435,27,F,sedentary,serious,school
436,24,M,moderate,dating,school
437,21,M,active,friendship,bachelor
438,21,F,moderate,serious,school
439,21,M,sedentary,friendship,school
440,21,F,moderate,dating,master
441,24,M,active,friendship,bachelor
442,27,M,moderate,friendship,phd
443,33,F,active,serious,school
444,24,M,moderate,serious,phd
445,21,M,moderate,friendship,school
446,35,F,sedentary,dating,school
447,20,F,active,dating,school
448,18,M,sedentary,friendship,bachelor
449,35,F,moderate,serious,phd
450,22,F,sedentary,serious,phd
451,23,M,moderate,serious,master
452,31,M,moderate,serious,phd
453,29,F,active,friendship,bachelor
454,32,F,sedentary,serious,master
455,22,M,sedentary,serious,master
456,33,F,sedentary,serious,master
457,24,M,active,serious,phd
458,25,F,moderate,dating,phd
459,21,F,moderate,dating,master
460,21,M,moderate,serious,phd
461,26,M,sedentary,dating,phd
462,29,F,active,friendship,bachelor
463,20,F,moderate,dating,bachelor
464,30,M,sedentary,dating,school
465,34,M,sedentary,friendship,school
466,35,F,active,dating,phd
467,31,F,sedentary,serious,bachelor
468,21,M,moderate,dating,phd
469,30,F,active,dating,school
470,18,F,active,friendship,school
471,29,M,active,serious,bachelor
472,21,F,active,serious,phd
473,25,F,active,dating,bachelor
474,28,F,moderate,serious,master
475,34,M,moderate,dating,master
476,30,M,sedentary,serious,master
477,28,F,active,friendship,bachelor
478,29,M,moderate,friendship,phd
479,26,F,sedentary,dating,phd
480,33,M,sedentary,serious,master
481,30,F,moderate,friendship,master
482,33,F,moderate,serious,master
483,23,F,sedentary,dating,phd
484,35,M,sedentary,serious,master
485,26,F,sedentary,serious,phd
486,29,M,active,friendship,school
487,26,F,active,serious,phd
488,24,M,moderate,friendship,phd
489,31,F,moderate,serious,phd
490,30,M,sedentary,friendship,school
491,35,F,active,dating,school
492,26,F,active,dating,school
493,23,F,sedentary,serious,school
494,26,F,sedentary,serious,bachelor
495,31,M,active,serious,master
496,31,F,sedentary,dating,master
497,32,F,active,friendship,bachelor
498,35,F,sedentary,serious,phd
499,31,F,sedentary,serious,master
500,22,M,active,friendship,school
501,32,M,moderate,friendship,phd
502,19,M,sedentary,dating,master
503,35,F,sedentary,friendship,school
504,25,M,moderate,dating,phd
505,34,F,sedentary,friendship,bachelor
506,33,F,sedentary,dating,school
507,24,M,active,friendship,bachelor
508,29,M,moderate,serious,phd
509,29,M,moderate,serious,school
510,33,F,moderate,dating,master
511,20,F,active,friendship,master
512,30,F,active,serious,master
513,27,F,active,serious,phd
514,19,F,sedentary,serious,phd
515,24,F,moderate,serious,master
516,29,M,sedentary,serious,bachelor
517,34,F,active,dating,phd
518,29,F,sedentary,serious,school
519,29,F,moderate,dating,bachelor
520,32,M,sedentary,friendship,phd
521,23,F,active,serious,phd
522,28,M,moderate,friendship,school
523,28,F,sedentary,dating,school
524,22,M,moderate,friendship,bachelor
525,29,M,sedentary,serious,bachelor
526,24,F,sedentary,serious,bachelor
527,20,M,moderate,friendship,master
528,23,M,active,friendship,bachelor
529,24,F,active,dating,master
530,28,M,moderate,friendship,phd
531,18,M,sedentary,dating,phd
532,22,M,active,dating,bachelor
533,26,F,active,dating,school
534,22,F,sedentary,friendship,bachelor
535,21,F,active,friendship,master
536,25,F,sedentary,friendship,master
537,34,F,moderate,dating,bachelor
538,22,F,moderate,serious,master
539,25,M,moderate,friendship,master
540,35,F,active,serious,master
541,18,F,active,dating,phd
542,32,F,sedentary,dating,phd
543,34,M,moderate,serious,school
544,34,M,sedentary,friendship,bachelor
545,24,M,sedentary,friendship,master
546,25,M,sedentary,friendship,phd
547,32,F,moderate,serious,school
548,32,M,moderate,friendship,phd
549,23,M,active,friendship,bachelor
550,25,F,moderate,friendship,bachelor
551,24,M,active,friendship,school
552,31,M,active,dating,bachelor
553,23,F,sedentary,friendship,phd
554,33,F,sedentary,serious,school
555,19,F,moderate,friendship,school
556,22,F,moderate,serious,school
557,28,M,moderate,dating,phd
558,21,F,active,friendship,school
559,21,F,moderate,serious,phd
560,32,F,sedentary,serious,bachelor
561,22,M,sedentary,friendship,bachelor
562,26,F,sedentary,serious,school
563,29,M,sedentary,serious,school
564,33,F,moderate,dating,bachelor
565,35,F,active,dating,master
566,31,M,sedentary,dating,master
567,24,M,active,friendship,bachelor
568,24,F,moderate,serious,phd
569,31,M,active,friendship,master
570,22,M,moderate,dating,bachelor
571,22,M,sedentary,dating,school
572,19,M,moderate,serious,bachelor
573,32,M,active,dating,phd
574,23,M,sedentary,friendship,school
575,20,F,active,friendship,school
576,23,F,sedentary,serious,school
577,31,M,moderate,friendship,bachelor
578,26,M,sedentary,friendship,master
579,32,M,active,dating,school
580,23,F,sedentary,friendship,bachelor
581,33,M,moderate,dating,master
582,30,F,active,serious,master
583,22,F,sedentary,dating,master
584,33,F,sedentary,serious,school
585,35,M,active,serious,phd
586,28,F,sedentary,friendship,bachelor
587,32,M,active,serious,school
588,35,M,moderate,friendship,school
589,21,F,sedentary,serious,master
590,25,M,sedentary,dating,school
591,18,M,active,serious,school
592,21,M,sedentary,dating,bachelor
593,19,M,sedentary,dating,school
594,20,F,moderate,dating,master
595,27,M,sedentary,dating,school
596,24,M,active,serious,master
597,23,M,sedentary,serious,phd
598,22,F,sedentary,friendship,school
599,19,F,active,serious,master
600,32,M,sedentary,dating,school
601,18,F,sedentary,friendship,school
602,24,M,sedentary,dating,phd
603,24,F,sedentary,dating,phd
604,35,M,sedentary,friendship,phd
605,23,M,sedentary,friendship,bachelor
606,29,F,sedentary,serious,school
607,34,M,sedentary,friendship,school
608,28,F,sedentary,serious,master
609,21,M,active,dating,phd
610,31,M,moderate,dating,phd
611,31,M,sedentary,serious,master
612,21,M,sedentary,serious,phd
613,26,M,active,friendship,school
614,24,F,sedentary,dating,master
615,31,M,sedentary,serious,phd
616,27,F,moderate,dating,school
617,23,M,moderate,friendship,school
618,19,F,active,friendship,bachelor
619,27,M,active,serious,bachelor
620,30,M,moderate,friendship,bachelor
621,18,F,moderate,serious,master
622,25,F,sedentary,dating,phd
623,21,F,moderate,friendship,school
624,19,F,sedentary,serious,bachelor
625,19,M,moderate,dating,phd
626,22,M,moderate,dating,phd
627,29,F,active,serious,phd
628,27,F,sedentary,serious,school
629,26,M,sedentary,serious,phd
630,35,F,active,friendship,master
631,21,M,active,serious,phd
632,21,M,moderate,dating,bachelor
633,26,F,sedentary,friendship,school
634,32,M,active,dating,master
635,19,M,sedentary,serious,phd
636,19,M,active,serious,master
637,18,F,sedentary,friendship,master
638,34,M,sedentary,dating,bachelor
639,20,M,active,dating,bachelor
640,22,M,sedentary,serious,bachelor
641,27,F,sedentary,friendship,master
642,34,M,sedentary,serious,phd
643,33,M,active,dating,school
644,31,M,sedentary,serious,school
645,22,F,sedentary,serious,bachelor
646,28,M,active,dating,master
647,19,M,active,friendship,school
648,20,F,moderate,friendship,master
649,31,M,sedentary,friendship,school
650,30,M,moderate,friendship,phd
651,30,M,sedentary,dating,school
652,27,M,sedentary,serious,school
653,18,F,moderate,friendship,phd
654,27,F,active,friendship,phd
655,19,M,sedentary,friendship,school
656,24,M,active,serious,school
657,30,F,active,dating,master
658,22,F,sedentary,dating,school
659,35,M,sedentary,dating,master
660,28,M,moderate,serious,master
661,19,F,moderate,dating,master
662,27,M,moderate,friendship,bachelor
663,32,F,active,serious,bachelor
664,22,F,sedentary,dating,master
665,25,M,sedentary,dating,school
666,34,M,active,dating,master
667,22,F,sedentary,serious,school
668,19,M,moderate,friendship,bachelor
669,27,F,sedentary,friendship,phd
670,22,F,sedentary,serious,phd
671,33,M,active,dating,phd
672,33,M,sedentary,dating,bachelor
673,31,M,moderate,friendship,phd
674,28,F,active,dating,school
675,23,M,moderate,friendship,school
676,23,M,moderate,dating,phd
677,30,F,active,dating,master
678,23,M,active,dating,bachelor
679,30,M,sedentary,dating,school
680,27,F,active,dating,school
681,22,M,sedentary,serious,master
682,25,F,moderate,serious,master
683,35,M,sedentary,serious,school
684,21,M,moderate,dating,school
685,22,F,active,friendship,master
686,24,M,active,friendship,school
687,24,M,sedentary,friendship,bachelor
688,31,F,sedentary,dating,school
689,24,F,active,friendship,bachelor
690,31,M,active,friendship,bachelor
691,32,F,active,dating,bachelor
692,26,M,moderate,serious,school
693,23,M,sedentary,dating,phd
694,18,F,active,friendship,phd
695,19,F,moderate,dating,master
696,35,M,moderate,friendship,school
697,29,M,sedentary,dating,bachelor
698,27,M,moderate,friendship,school
699,27,F,sedentary,serious,master
700,27,F,active,dating,master
701,18,F,active,serious,phd
702,19,M,active,serious,master
703,20,M,active,friendship,school
704,26,F,moderate,serious,master
705,25,M,moderate,dating,master
706,30,F,sedentary,dating,bachelor
707,27,M,sedentary,friendship,school
708,18,M,moderate,serious,school
709,25,F,active,serious,bachelor
710,23,M,active,serious,school
711,21,M,active,friendship,bachelor
712,25,F,sedentary,friendship,bachelor
713,28,M,active,dating,master
714,32,M,moderate,friendship,master
715,19,M,sedentary,serious,school
716,30,M,moderate,dating,bachelor
717,27,M,active,serious,school
718,18,M,sedentary,serious,bachelor
719,27,M,sedentary,serious,bachelor
720,19,M,sedentary,serious,bachelor
721,24,F,active,friendship,phd
722,18,M,moderate,serious,school
723,29,M,sedentary,dating,bachelor
724,28,F,sedentary,serious,master
725,27,F,active,serious,phd
726,26,M,sedentary,dating,bachelor
727,32,M,sedentary,dating,school
728,20,M,moderate,dating,master
729,35,F,active,dating,bachelor
730,22,F,moderate,dating,bachelor
731,22,F,sedentary,dating,bachelor
732,18,M,moderate,dating,master
733,25,F,active,serious,phd
734,30,F,active,friendship,phd
735,25,F,sedentary,dating,master
736,18,M,active,friendship,phd
737,35,F,moderate,dating,phd
738,34,F,moderate,friendship,bachelor
739,25,M,active,dating,bachelor
740,22,M,moderate,serious,bachelor
741,29,F,active,dating,master
742,33,F,sedentary,serious,bachelor
743,34,M,active,dating,bachelor
744,35,M,active,friendship,bachelor
745,23,F,sedentary,serious,school
746,23,M,sedentary,dating,bachelor
747,23,M,active,friendship,bachelor
748,29,M,sedentary,serious,master
749,21,M,moderate,friendship,school
750,34,F,sedentary,friendship,school
751,32,M,moderate,dating,school
752,32,F,sedentary,dating,phd
753,20,M,moderate,friendship,school
754,24,M,active,dating,phd
755,27,M,sedentary,dating,master
756,18,F,active,dating,school
757,24,M,active,serious,master
758,28,F,sedentary,dating,phd
759,35,F,active,dating,school
760,25,M,moderate,friendship,phd
761,29,F,active,dating,school
762,26,F,active,dating,master
763,35,M,active,friendship,bachelor
764,25,F,moderate,friendship,school
765,35,F,active,dating,phd
766,32,M,moderate,serious,school
767,31,F,sedentary,serious,master
768,20,F,active,serious,bachelor
769,28,M,sedentary,serious,school
770,33,F,active,friendship,phd
771,28,M,active,serious,school
772,25,M,active,serious,master
773,19,M,active,dating,master
774,25,F,moderate,serious,bachelor
775,29,F,active,dating,school
776,32,F,moderate,serious,bachelor
777,34,F,sedentary,serious,master
778,32,M,sedentary,serious,school
779,30,M,moderate,serious,bachelor
780,29,F,sedentary,serious,school
781,32,F,active,friendship,school
782,23,F,moderate,dating,phd
783,30,M,moderate,friendship,school
784,33,F,active,dating,school
785,19,M,sedentary,serious,master
786,18,F,sedentary,serious,phd
787,27,F,active,dating,school
788,28,F,active,friendship,master
789,26,F,moderate,serious,phd
790,34,M,moderate,friendship,master
791,35,M,moderate,friendship,bachelor
792,33,F,sedentary,friendship,school
793,19,M,sedentary,dating,master
794,22,F,active,friendship,school
795,34,M,active,dating,phd
796,33,F,moderate,serious,school
797,24,M,active,friendship,bachelor
798,33,M,moderate,dating,bachelor
799,19,F,active,serious,phd
800,32,M,moderate,serious,bachelor
801,32,M,active,serious,bachelor
802,35,M,sedentary,friendship,master
803,33,F,sedentary,friendship,bachelor
804,31,M,active,serious,master
805,33,F,active,serious,phd
806,30,M,sedentary,friendship,bachelor
807,24,F,active,dating,bachelor
808,19,F,active,friendship,master
809,19,F,active,dating,master
810,34,F,sedentary,dating,phd
811,31,F,active,dating,master
812,22,M,active,friendship,phd
813,25,F,active,friendship,bachelor
814,28,M,sedentary,serious,phd
815,31,M,sedentary,dating,school
816,34,M,active,dating,school
817,28,F,moderate,dating,bachelor
818,23,F,sedentary,dating,school
819,30,M,active,serious,school
820,31,M,sedentary,serious,master
821,24,M,moderate,dating,master
822,31,M,active,serious,master
823,22,F,sedentary,friendship,bachelor
824,35,M,moderate,serious,phd
825,29,M,sedentary,serious,school
826,30,F,active,serious,bachelor
827,23,F,sedentary,dating,bachelor
828,32,F,moderate,serious,master
829,33,F,sedentary,serious,master
830,29,M,moderate,serious,bachelor
831,26,M,sedentary,dating,bachelor
832,27,F,active,dating,phd
833,23,F,moderate,friendship,bachelor
834,34,M,moderate,dating,phd
835,20,M,moderate,dating,master
836,26,F,moderate,serious,phd
837,34,F,moderate,dating,master
838,27,M,moderate,serious,bachelor
839,18,F,active,dating,master
840,22,M,moderate,serious,master
841,28,F,active,serious,master
842,25,M,active,serious,master
843,22,F,sedentary,friendship,school
844,21,F,sedentary,serious,school
845,35,F,active,serious,school
846,30,F,sedentary,serious,master
847,26,F,sedentary,friendship,bachelor
848,25,M,active,serious,bachelor
849,25,F,moderate,serious,school
850,23,F,sedentary,serious,master
851,24,F,active,serious,phd
852,20,F,sedentary,friendship,bachelor
853,35,F,moderate,serious,master
854,31,F,moderate,dating,phd
855,30,F,sedentary,dating,phd
856,29,M,moderate,friendship,school
857,29,F,active,friendship,bachelor
858,24,M,moderate,serious,master
859,20,F,moderate,dating,master
860,24,F,active,serious,master
861,34,F,active,serious,master
862,24,F,moderate,serious,phd
863,26,F,active,serious,school
864,28,M,sedentary,dating,school
865,32,M,sedentary,friendship,bachelor
866,31,M,moderate,serious,school
867,19,M,sedentary,friendship,school
868,31,M,sedentary,dating,phd
869,31,M,active,friendship,school
870,25,M,sedentary,serious,school
871,25,F,sedentary,serious,master
872,22,F,moderate,dating,school
873,23,F,sedentary,friendship,master
874,23,F,moderate,dating,master
875,22,F,sedentary,friendship,master
876,31,F,sedentary,dating,phd
877,27,F,active,friendship,phd
878,28,M,sedentary,friendship,school
879,18,F,active,friendship,master
880,35,M,active,serious,master
881,32,M,sedentary,dating,bachelor
882,20,M,moderate,serious,master
883,25,F,active,serious,school
884,33,M,active,serious,master
885,26,M,active,friendship,school
886,31,F,sedentary,serious,school
887,29,M,active,dating,bachelor
888,22,M,sedentary,serious,school
889,20,M,sedentary,dating,phd
890,28,F,moderate,serious,phd
891,25,M,moderate,friendship,master
892,27,M,sedentary,dating,master
893,23,F,moderate,serious,master
894,21,M,moderate,serious,bachelor
895,30,F,sedentary,serious,master
896,23,M,moderate,serious,bachelor
897,23,F,moderate,serious,phd
898,29,F,sedentary,dating,master
899,35,M,sedentary,dating,school
900,19,M,active,serious,phd
901,20,M,moderate,dating,phd
902,31,F,moderate,friendship,master
903,32,F,moderate,friendship,phd
904,22,F,moderate,friendship,master
905,26,F,moderate,serious,bachelor
906,18,M,sedentary,dating,school
907,29,M,sedentary,friendship,master
908,24,F,sedentary,serious,school
909,33,M,sedentary,dating,school
910,22,M,active,serious,phd
911,23,M,active,dating,phd
912,33,M,active,dating,phd
913,21,F,active,dating,phd
914,19,F,active,friendship,school
915,24,M,active,serious,phd
916,33,F,sedentary,friendship,school
917,27,M,sedentary,friendship,phd
918,19,M,moderate,friendship,master
919,18,M,active,friendship,phd
920,24,F,sedentary,friendship,phd
921,22,F,sedentary,serious,school
922,31,M,moderate,dating,school
923,19,M,sedentary,serious,phd
924,20,F,moderate,serious,bachelor
925,32,F,moderate,serious,phd
926,22,F,moderate,dating,master
927,18,M,active,friendship,school
928,30,M,active,serious,bachelor
929,18,M,active,serious,bachelor
930,26,M,moderate,friendship,school
931,19,F,sedentary,friendship,bachelor
932,30,F,active,dating,school
933,24,M,active,friendship,master
934,24,F,sedentary,serious,bachelor
935,35,F,active,serious,school
936,30,F,sedentary,friendship,phd
937,28,F,moderate,dating,school
938,23,F,moderate,serious,phd
939,20,F,moderate,dating,bachelor
940,18,M,moderate,friendship,master
941,35,F,sedentary,friendship,bachelor
942,33,F,active,serious,school
943,30,M,active,serious,master
944,19,M,moderate,serious,phd
945,35,M,sedentary,serious,bachelor
946,23,F,active,serious,bachelor
947,28,F,active,serious,master
948,21,F,sedentary,friendship,bachelor
949,30,F,sedentary,friendship,school
950,18,M,active,friendship,phd
951,19,M,sedentary,friendship,master
952,20,M,active,friendship,master
953,25,M,active,friendship,school
954,23,F,moderate,friendship,bachelor
955,21,F,sedentary,dating,phd
956,24,M,active,serious,master
957,19,F,active,friendship,bachelor
958,19,M,sedentary,serious,master
959,22,M,moderate,serious,phd
960,30,M,moderate,friendship,school
961,29,F,sedentary,friendship,bachelor
962,22,F,moderate,dating,school
963,32,F,active,dating,bachelor
964,35,M,active,serious,bachelor
965,32,F,moderate,serious,phd
966,34,M,moderate,friendship,master
967,26,F,active,friendship,bachelor
968,25,M,sedentary,serious,master
969,28,M,sedentary,serious,bachelor
970,27,F,active,friendship,school
971,20,F,moderate,friendship,bachelor
972,20,M,sedentary,friendship,phd
973,35,M,moderate,serious,master
974,27,F,active,serious,phd
975,29,F,active,dating,master
976,29,M,moderate,dating,school
977,18,F,sedentary,serious,master
978,31,F,sedentary,friendship,school
979,25,F,sedentary,serious,master
980,22,M,active,friendship,phd
981,19,F,active,dating,phd
982,32,M,moderate,friendship,phd
983,29,F,moderate,serious,bachelor
984,20,M,sedentary,serious,master
985,32,F,active,serious,bachelor
986,30,F,moderate,serious,master
987,33,M,sedentary,dating,master
988,32,M,sedentary,friendship,master
989,32,M,sedentary,dating,phd
990,34,F,sedentary,friendship,bachelor
991,35,F,sedentary,friendship,school
992,23,M,sedentary,dating,school
993,35,F,moderate,dating,school
994,27,M,moderate,friendship,bachelor
995,19,M,sedentary,serious,school
996,22,M,sedentary,friendship,master
997,31,F,sedentary,dating,school
998,27,M,moderate,dating,phd
999,26,M,active,dating,master
1000,24,F,sedentary,dating,school
1001,28,F,sedentary,friendship,bachelor
1002,23,M,sedentary,dating,bachelor
1003,18,M,sedentary,serious,phd
1004,35,M,active,dating,school
1005,35,M,active,serious,master
1006,31,F,active,dating,bachelor
1007,33,M,active,dating,school
1008,26,F,active,dating,phd
1009,18,F,active,serious,school
1010,27,F,active,serious,phd
1011,30,M,active,dating,master
1012,30,F,active,friendship,school
1013,18,M,sedentary,dating,school
1014,26,M,active,dating,bachelor
1015,24,M,active,serious,phd
1016,30,F,sedentary,friendship,master
1017,20,F,active,dating,phd
1018,31,M,sedentary,friendship,school
1019,27,M,sedentary,serious,phd
1020,34,F,active,dating,school
1021,21,M,moderate,friendship,master
1022,20,M,sedentary,friendship,bachelor
1023,24,M,active,dating,master
1024,34,F,sedentary,friendship,phd
1025,34,F,sedentary,dating,phd
1026,34,M,sedentary,serious,phd
1027,29,F,sedentary,serious,phd
1028,29,M,sedentary,serious,phd
1029,28,M,active,friendship,bachelor
1030,31,M,active,dating,master
1031,20,F,sedentary,friendship,master
1032,32,M,active,friendship,bachelor
1033,20,M,moderate,dating,bachelor
1034,27,M,active,dating,bachelor
1035,29,F,sedentary,friendship,school
1036,32,M,moderate,dating,bachelor
1037,35,M,sedentary,serious,school
1038,24,M,moderate,serious,master
1039,29,F,active,dating,master
1040,29,M,active,dating,master
1041,21,M,active,friendship,school
1042,29,M,active,dating,school
1043,23,F,moderate,friendship,bachelor
1044,22,M,sedentary,dating,bachelor
1045,22,F,sedentary,dating,bachelor
1046,26,F,moderate,friendship,bachelor
1047,24,M,active,friendship,master
1048,24,M,active,dating,school
1049,21,M,active,dating,bachelor
1050,20,F,moderate,friendship,master
1051,25,F,sedentary,dating,bachelor
1052,21,M,sedentary,dating,school
1053,31,F,moderate,dating,master
1054,29,M,sedentary,dating,master
1055,26,F,moderate,friendship,bachelor
1056,23,M,moderate,friendship,bachelor
1057,29,M,active,serious,school
1058,26,M,sedentary,dating,master
1059,34,M,sedentary,dating,bachelor
1060,24,F,moderate,dating,school
1061,25,F,sedentary,serious,school
1062,32,M,sedentary,dating,school
1063,30,F,active,dating,bachelor
1064,35,F,moderate,dating,master
1065,20,M,moderate,serious,phd
1066,20,M,active,serious,phd
1067,25,M,moderate,friendship,school
1068,24,M,active,serious,school
1069,22,F,sedentary,friendship,master
1070,32,F,moderate,dating,master
1071,29,M,sedentary,serious,bachelor
1072,28,F,active,serious,master
1073,33,M,sedentary,serious,master
1074,19,F,active,friendship,bachelor
1075,20,M,moderate,friendship,bachelor
1076,20,M,moderate,dating,school
1077,34,F,active,friendship,phd
1078,33,F,moderate,serious,bachelor
1079,24,M,sedentary,dating,master
1080,18,F,active,dating,phd
1081,31,M,active,friendship,bachelor
1082,33,M,moderate,friendship,master
1083,22,M,sedentary,friendship,school
1084,28,F,moderate,dating,master
1085,31,M,sedentary,dating,master
1086,34,M,moderate,friendship,bachelor
1087,32,M,active,dating,bachelor
1088,30,F,sedentary,dating,bachelor
1089,20,F,moderate,serious,master
1090,25,F,sedentary,serious,bachelor
1091,18,M,sedentary,serious,phd
1092,25,M,sedentary,friendship,master
1093,18,M,moderate,friendship,school
1094,21,M,moderate,friendship,phd
1095,23,M,active,friendship,master
1096,35,M,active,dating,bachelor
1097,25,F,sedentary,serious,bachelor
1098,33,M,active,dating,bachelor
1099,26,M,moderate,friendship,phd
1100,31,M,sedentary,dating,bachelor
1101,29,F,active,friendship,master
1102,32,M,active,friendship,bachelor
1103,22,F,moderate,friendship,phd
1104,33,M,active,dating,bachelor
1105,22,M,sedentary,dating,phd
1106,24,M,moderate,serious,bachelor
1107,22,M,sedentary,dating,school
1108,22,M,sedentary,serious,school
1109,22,M,moderate,serious,phd
1110,22,M,active,serious,phd
1111,35,F,moderate,friendship,master
1112,24,M,moderate,dating,master
1113,24,M,active,friendship,phd
1114,31,M,active,dating,school
1115,29,F,moderate,friendship,school
1116,31,M,sedentary,serious,master
1117,20,M,active,serious,school
1118,35,M,active,serious,school
1119,25,M,sedentary,serious,master
1120,32,M,active,serious,master
1121,21,F,active,friendship,school
1122,30,M,moderate,friendship,school
1123,33,M,active,dating,bachelor
1124,18,F,sedentary,friendship,master
1125,30,M,sedentary,dating,master
1126,28,F,active,friendship,school
1127,31,M,sedentary,friendship,master
1128,28,M,sedentary,serious,bachelor
1129,34,F,sedentary,serious,bachelor
1130,19,F,moderate,serious,bachelor
1131,21,M,moderate,dating,school
1132,31,F,sedentary,friendship,school
1133,22,F,active,serious,school
1134,33,F,moderate,serious,master
1135,27,M,moderate,dating,school
1136,31,F,moderate,friendship,master
1137,21,M,moderate,dating,phd
1138,22,M,sedentary,friendship,phd
1139,18,M,sedentary,dating,bachelor
1140,28,F,moderate,friendship,phd
1141,24,F,active,dating,phd
1142,34,M,active,dating,master
1143,31,M,sedentary,dating,bachelor
1144,24,F,moderate,serious,bachelor
1145,27,F,moderate,serious,bachelor
1146,26,F,moderate,friendship,school
1147,29,M,active,serious,master
1148,31,F,moderate,dating,school
1149,25,M,moderate,dating,school
1150,19,M,moderate,friendship,bachelor
1151,21,M,active,serious,phd
1152,31,F,sedentary,friendship,master
1153,32,M,active,dating,bachelor
1154,29,M,active,friendship,phd
1155,26,F,active,dating,bachelor
1156,32,M,sedentary,friendship,master
1157,26,F,active,serious,phd
1158,26,M,moderate,dating,bachelor
1159,29,M,sedentary,friendship,school
1160,19,F,moderate,dating,school
1161,32,F,moderate,serious,school
1162,28,M,sedentary,serious,bachelor
1163,30,F,moderate,serious,master
1164,26,F,sedentary,dating,master
1165,29,M,sedentary,serious,school
1166,30,F,sedentary,dating,bachelor
1167,21,M,active,serious,bachelor
1168,26,F,moderate,serious,master
1169,20,F,sedentary,dating,master
1170,30,F,active,dating,school
1171,25,F,sedentary,dating,master
1172,31,M,active,friendship,phd
1173,26,F,moderate,dating,master
1174,23,F,moderate,dating,master
1175,18,M,moderate,friendship,school
1176,25,M,active,serious,phd
1177,28,M,active,friendship,master
1178,20,M,active,dating,school
1179,22,M,active,friendship,master
1180,34,F,sedentary,friendship,bachelor
1181,23,F,moderate,serious,bachelor
1182,35,F,sedentary,friendship,phd
1183,29,F,sedentary,serious,bachelor
1184,34,M,sedentary,dating,bachelor
1185,24,F,moderate,serious,phd
1186,20,F,sedentary,dating,school
1187,23,M,moderate,serious,school
1188,31,F,moderate,dating,master
1189,20,M,moderate,friendship,master
1190,29,F,sedentary,serious,phd
1191,21,M,active,dating,bachelor
1192,28,F,active,friendship,bachelor
1193,31,F,moderate,friendship,master
1194,27,F,moderate,dating,school
1195,31,F,sedentary,serious,school
1196,35,F,moderate,friendship,master
1197,33,F,sedentary,friendship,bachelor
1198,34,F,active,dating,bachelor
1199,31,M,active,friendship,bachelor
1200,30,M,moderate,dating,master
1201,25,F,active,dating,school
1202,20,F,moderate,serious,master
1203,22,M,moderate,dating,phd
1204,35,M,sedentary,friendship,bachelor
1205,24,F,sedentary,friendship,phd
1206,25,M,active,dating,phd
1207,26,M,sedentary,serious,bachelor
1208,34,F,sedentary,serious,school
1209,25,M,moderate,serious,phd
1210,33,F,active,serious,master
1211,29,M,moderate,friendship,bachelor
1212,19,M,sedentary,dating,master
1213,24,F,moderate,serious,school
1214,34,F,sedentary,friendship,bachelor
1215,34,M,active,serious,school
1216,32,M,moderate,dating,master
1217,18,F,moderate,dating,master
1218,25,M,sedentary,serious,phd
1219,26,M,sedentary,serious,bachelor
1220,29,M,moderate,serious,phd
1221,18,F,sedentary,dating,bachelor
1222,20,F,active,serious,master
1223,24,F,sedentary,friendship,school
1224,22,M,active,dating,master
1225,26,F,active,friendship,master
1226,35,M,active,serious,bachelor
1227,25,M,moderate,serious,phd
1228,18,F,active,dating,phd
1229,34,M,sedentary,dating,school
1230,30,M,sedentary,dating,bachelor
1231,22,F,sedentary,friendship,master
1232,34,M,moderate,friendship,phd
1233,19,M,active,friendship,phd
1234,18,M,sedentary,friendship,bachelor
1235,19,F,active,serious,master
1236,33,F,sedentary,serious,phd
1237,21,M,moderate,serious,bachelor
1238,18,F,sedentary,friendship,school
1239,22,M,moderate,serious,master
1240,35,M,moderate,serious,phd
1241,31,F,active,friendship,school
1242,28,F,moderate,dating,bachelor
1243,30,F,moderate,friendship,school
1244,26,M,active,serious,phd
1245,19,F,moderate,friendship,master
1246,25,F,active,friendship,bachelor
1247,29,F,moderate,friendship,phd
1248,33,F,active,friendship,school
1249,23,M,sedentary,dating,master
1250,34,M,moderate,dating,school
1251,26,M,sedentary,dating,master
1252,25,M,sedentary,serious,bachelor
1253,27,M,moderate,dating,bachelor
1254,21,M,moderate,friendship,bachelor
1255,27,M,moderate,dating,master
1256,30,F,sedentary,dating,master
1257,33,F,moderate,friendship,phd
1258,23,M,moderate,friendship,master
1259,21,F,moderate,friendship,master
1260,20,M,active,serious,phd
1261,22,F,active,dating,master
1262,34,F,sedentary,friendship,school
1263,20,M,moderate,friendship,master
1264,19,F,sedentary,friendship,phd
1265,25,M,active,friendship,school
1266,28,F,active,friendship,bachelor
1267,19,M,sedentary,serious,phd
1268,28,F,sedentary,friendship,bachelor
1269,20,M,active,dating,master
1270,19,M,active,dating,master
1271,34,F,active,serious,phd
1272,20,F,moderate,friendship,master
1273,27,F,moderate,serious,master
1274,35,F,sedentary,serious,phd
1275,31,F,sedentary,dating,phd
1276,28,F,sedentary,dating,master
1277,21,F,sedentary,friendship,bachelor
1278,35,M,moderate,serious,school
1279,20,M,active,serious,master
1280,25,F,active,serious,phd
1281,26,M,sedentary,serious,bachelor
1282,30,F,active,friendship,school
1283,20,F,active,serious,bachelor
1284,28,M,moderate,dating,phd
1285,28,F,active,serious,school
1286,20,F,active,dating,school
1287,26,M,active,serious,master
1288,32,M,active,friendship,school
1289,18,M,sedentary,dating,phd
1290,26,F,sedentary,serious,bachelor
1291,30,F,active,dating,school
1292,23,F,moderate,friendship,school
1293,24,F,active,dating,school
1294,24,M,sedentary,serious,master
1295,34,F,moderate,friendship,school
1296,25,F,sedentary,friendship,phd
1297,32,F,sedentary,serious,master
1298,19,M,sedentary,friendship,phd
1299,20,M,sedentary,dating,master
1300,27,F,active,serious,school
1301,32,F,moderate,serious,master
1302,25,F,moderate,dating,bachelor
1303,31,M,sedentary,serious,bachelor
1304,29,F,active,friendship,master
1305,23,F,sedentary,friendship,phd
1306,34,M,moderate,dating,school
1307,19,F,moderate,dating,master
1308,32,F,active,serious,bachelor
1309,32,F,sedentary,dating,phd
1310,22,M,active,serious,school
1311,20,M,active,friendship,school
1312,28,M,active,dating,phd
1313,20,M,active,serious,phd
1314,18,M,moderate,friendship,bachelor
1315,31,M,sedentary,serious,phd
1316,20,F,moderate,serious,phd
1317,28,M,sedentary,friendship,bachelor
1318,28,M,active,dating,phd
1319,23,F,moderate,serious,school
1320,19,M,active,dating,phd
1321,26,M,active,serious,master
1322,32,F,sedentary,dating,master
1323,30,F,moderate,dating,phd
1324,19,F,sedentary,serious,school
1325,28,M,active,dating,phd
1326,30,M,active,serious,phd
1327,35,F,sedentary,dating,phd
1328,24,F,sedentary,friendship,bachelor
1329,27,M,sedentary,serious,bachelor
1330,19,M,active,friendship,bachelor
1331,31,F,active,serious,school
1332,27,F,active,dating,bachelor
1333,28,F,sedentary,friendship,phd
1334,31,M,moderate,dating,bachelor
1335,27,M,moderate,dating,bachelor
1336,31,F,sedentary,serious,school
1337,20,M,moderate,friendship,bachelor
1338,34,F,active,friendship,bachelor
1339,31,M,active,friendship,master
1340,18,F,active,dating,bachelor
1341,19,M,moderate,serious,phd
1342,23,F,sedentary,serious,phd
1343,20,F,moderate,dating,phd
1344,24,F,sedentary,friendship,master
1345,25,F,active,friendship,bachelor
1346,20,M,sedentary,dating,master
1347,18,M,moderate,dating,school
1348,21,F,moderate,friendship,school
1349,29,F,active,serious,phd
1350,21,M,sedentary,friendship,phd
1351,32,M,moderate,dating,phd
1352,33,M,moderate,serious,master
1353,29,M,moderate,friendship,master
1354,20,F,sedentary,serious,bachelor
1355,32,F,active,friendship,bachelor
1356,25,F,moderate,dating,bachelor
1357,23,F,active,friendship,bachelor
1358,32,F,sedentary,serious,bachelor
1359,28,F,active,dating,school
1360,33,F,moderate,friendship,school
1361,25,F,sedentary,serious,master
1362,33,F,active,serious,bachelor
1363,23,M,sedentary,serious,bachelor
1364,26,M,moderate,serious,bachelor
1365,20,F,active,serious,phd
1366,19,F,sedentary,serious,master
1367,21,F,sedentary,dating,school
1368,28,M,active,serious,school
1369,35,M,sedentary,friendship,school
1370,28,F,active,serious,phd
1371,28,F,sedentary,dating,phd
1372,18,M,sedentary,friendship,school
1373,24,M,active,friendship,bachelor
1374,24,M,active,dating,school
1375,29,F,sedentary,dating,bachelor
1376,31,M,active,serious,bachelor
1377,28,F,active,dating,master
1378,26,F,moderate,dating,master
1379,30,M,active,friendship,school
1380,24,M,sedentary,friendship,school
1381,24,M,moderate,dating,bachelor
1382,18,F,sedentary,serious,master
1383,35,F,sedentary,friendship,bachelor
1384,34,F,active,dating,master
1385,34,F,sedentary,dating,master
1386,28,M,moderate,dating,school
1387,25,F,sedentary,dating,master
1388,31,M,sedentary,friendship,master
1389,29,F,active,serious,master
1390,32,F,active,friendship,phd
1391,25,M,sedentary,dating,bachelor
1392,28,M,active,friendship,school
1393,34,M,moderate,serious,school
1394,26,F,active,friendship,school
1395,25,M,moderate,serious,school
1396,32,M,sedentary,serious,phd
1397,19,M,active,dating,school
1398,21,F,sedentary,friendship,phd
1399,31,M,moderate,dating,master
1400,34,F,sedentary,dating,phd
1401,22,F,moderate,dating,bachelor
1402,29,F,sedentary,friendship,bachelor
1403,26,F,sedentary,friendship,bachelor
1404,34,F,sedentary,friendship,master
1405,26,M,sedentary,friendship,master
1406,19,M,moderate,serious,phd
1407,32,M,moderate,serious,bachelor
1408,32,F,sedentary,friendship,school
1409,19,M,moderate,friendship,school
1410,32,M,moderate,dating,school
1411,31,F,active,friendship,master
1412,22,M,sedentary,serious,bachelor
1413,18,M,active,serious,school
1414,19,F,active,friendship,master
1415,26,M,sedentary,friendship,phd
1416,29,F,sedentary,friendship,school
1417,23,M,sedentary,dating,bachelor
1418,24,F,moderate,friendship,bachelor
1419,19,M,active,serious,bachelor
1420,34,F,sedentary,friendship,bachelor
1421,33,M,moderate,serious,master
1422,22,F,sedentary,serious,bachelor
1423,20,F,sedentary,friendship,phd
1424,18,F,sedentary,dating,school
1425,33,F,sedentary,dating,master
1426,27,F,moderate,dating,master
1427,35,F,active,serious,school
1428,22,F,sedentary,serious,bachelor
1429,31,F,active,serious,school
1430,23,M,moderate,serious,bachelor
1431,22,F,active,serious,school
1432,31,F,active,serious,master
1433,32,M,moderate,dating,phd
1434,34,F,active,serious,phd
1435,20,M,moderate,friendship,school
1436,22,F,moderate,dating,phd
1437,22,F,sedentary,friendship,phd
1438,28,F,sedentary,dating,phd
1439,21,F,active,serious,bachelor
1440,34,F,moderate,friendship,school
1441,28,M,moderate,serious,phd
1442,31,M,sedentary,friendship,master
1443,31,M,sedentary,serious,school
1444,19,M,sedentary,dating,phd
1445,26,F,sedentary,serious,school
1446,20,M,moderate,friendship,school
1447,20,F,active,dating,phd
1448,30,F,moderate,dating,master
1449,33,F,active,dating,master
1450,26,F,sedentary,dating,master
1451,25,M,moderate,dating,master
1452,28,F,active,friendship,school
1453,33,F,active,friendship,bachelor
1454,26,M,active,serious,school
1455,34,F,sedentary,friendship,bachelor
1456,20,F,sedentary,friendship,bachelor
1457,28,M,active,friendship,master
1458,23,F,moderate,friendship,master
1459,20,M,active,dating,phd
1460,33,M,sedentary,dating,bachelor
1461,19,M,moderate,dating,master
1462,26,M,moderate,dating,bachelor
1463,27,F,moderate,friendship,bachelor
1464,29,M,moderate,dating,phd
1465,27,F,active,dating,phd
1466,20,M,sedentary,serious,master
1467,25,F,active,serious,phd
1468,30,M,active,dating,master
1469,28,M,active,serious,phd
1470,28,M,moderate,dating,school
1471,30,M,moderate,friendship,master
1472,33,M,moderate,friendship,master
1473,29,M,active,serious,phd
1474,18,M,active,dating,school
1475,33,M,moderate,friendship,school
1476,26,F,active,friendship,bachelor
1477,19,F,active,dating,school
1478,18,M,active,friendship,phd
1479,25,M,active,serious,bachelor
1480,33,M,moderate,serious,phd
1481,31,F,sedentary,serious,school
1482,22,M,sedentary,friendship,school
1483,28,M,sedentary,serious,master
1484,35,F,moderate,dating,phd
1485,18,M,active,dating,phd
1486,19,M,sedentary,dating,master
1487,30,M,active,friendship,school
1488,28,F,active,serious,master
1489,22,M,active,friendship,phd
1490,19,M,sedentary,dating,phd
1491,30,M,moderate,friendship,bachelor
1492,30,F,active,dating,phd
1493,20,M,active,friendship,master
1494,31,F,moderate,friendship,phd
1495,24,F,moderate,serious,bachelor
1496,25,M,moderate,dating,school
1497,27,M,active,friendship,school
1498,35,M,active,serious,bachelor
1499,29,F,active,dating,master
1500,26,M,moderate,dating,school
1501,26,F,sedentary,serious,bachelor
1502,25,M,moderate,serious,phd
1503,32,M,sedentary,serious,master
1504,20,M,active,serious,school
1505,20,M,active,dating,bachelor
1506,32,M,active,serious,bachelor
1507,29,F,active,serious,school
1508,33,F,moderate,serious,bachelor
1509,34,F,active,dating,bachelor
1510,32,F,sedentary,dating,bachelor
1511,21,M,sedentary,serious,school
1512,21,F,active,serious,bachelor
1513,25,M,moderate,dating,master
1514,18,F,active,friendship,master
1515,30,F,active,serious,school
1516,27,M,active,friendship,bachelor
1517,27,M,moderate,friendship,bachelor
1518,35,F,moderate,serious,bachelor
1519,23,M,moderate,friendship,phd
1520,27,F,sedentary,serious,school
1521,32,M,active,dating,bachelor
1522,24,M,sedentary,serious,phd
1523,25,M,moderate,serious,phd
1524,32,F,active,friendship,school
1525,18,F,sedentary,serious,bachelor
1526,18,F,moderate,friendship,bachelor
1527,32,F,active,dating,master
1528,26,F,active,dating,bachelor
1529,33,M,active,dating,master
1530,21,F,moderate,serious,school
1531,27,M,moderate,serious,master
1532,19,F,active,dating,bachelor
1533,35,M,sedentary,dating,phd
1534,31,M,active,serious,bachelor
1535,20,F,sedentary,serious,bachelor
1536,35,M,sedentary,friendship,master
1537,23,F,sedentary,dating,school
1538,29,F,active,dating,phd
1539,32,F,moderate,dating,bachelor
1540,27,F,active,friendship,bachelor
1541,21,M,moderate,friendship,bachelor
1542,20,M,sedentary,friendship,master
1543,25,M,sedentary,serious,phd
1544,31,M,moderate,friendship,master
1545,33,M,moderate,friendship,bachelor
1546,30,F,moderate,dating,school
1547,24,M,sedentary,serious,bachelor
1548,30,F,moderate,dating,school
1549,20,M,sedentary,dating,master
1550,35,F,sedentary,dating,bachelor
1551,22,M,moderate,friendship,master
1552,33,M,moderate,friendship,master
1553,32,M,active,dating,school
1554,24,M,active,friendship,school
1555,27,M,sedentary,serious,bachelor
1556,24,M,moderate,friendship,bachelor
1557,21,F,moderate,dating,master
1558,26,M,active,friendship,phd
1559,26,F,moderate,dating,master
1560,33,F,active,serious,bachelor
1561,25,M,sedentary,dating,bachelor
1562,33,M,moderate,friendship,phd
1563,25,M,active,serious,master
1564,21,M,sedentary,serious,master
1565,34,M,active,dating,school
1566,23,M,active,dating,master
1567,26,M,active,dating,school
1568,33,M,moderate,friendship,bachelor
1569,24,M,sedentary,friendship,master
1570,23,F,active,dating,school
1571,23,M,sedentary,dating,bachelor
1572,31,M,sedentary,friendship,bachelor
1573,21,M,active,dating,bachelor
1574,35,M,moderate,serious,master
1575,21,M,active,friendship,phd
1576,19,F,moderate,dating,bachelor
1577,31,M,sedentary,friendship,master
1578,22,F,sedentary,friendship,master
1579,22,M,sedentary,serious,school
1580,35,M,moderate,serious,phd
1581,19,F,active,serious,school
1582,30,F,moderate,friendship,phd
1583,28,F,moderate,friendship,master
1584,30,F,sedentary,friendship,school
1585,31,F,moderate,friendship,bachelor
1586,25,M,active,serious,phd
1587,23,F,active,serious,school
1588,32,F,active,dating,bachelor
1589,27,M,sedentary,dating,bachelor
1590,25,M,moderate,serious,master
1591,20,M,moderate,friendship,master
1592,27,F,active,friendship,master
1593,32,F,moderate,friendship,bachelor
1594,31,M,moderate,serious,phd
1595,32,M,active,dating,phd
1596,30,F,moderate,serious,bachelor
1597,21,F,moderate,friendship,master
1598,28,F,sedentary,dating,master
1599,22,M,active,dating,school
1600,31,M,sedentary,serious,school
1601,34,M,sedentary,dating,phd
1602,20,M,sedentary,serious,master
1603,29,F,active,dating,phd
1604,34,M,sedentary,serious,master
1605,33,F,active,friendship,phd
1606,31,M,active,dating,master
1607,22,F,moderate,dating,master
1608,18,M,moderate,dating,phd
1609,32,F,active,dating,master
1610,19,F,sedentary,serious,phd
1611,27,M,sedentary,dating,master
1612,20,F,moderate,dating,school
1613,29,M,sedentary,friendship,phd
1614,29,F,sedentary,friendship,master
1615,34,F,sedentary,dating,school
1616,18,M,sedentary,serious,master
1617,33,F,sedentary,serious,master
1618,19,M,moderate,serious,bachelor
1619,25,F,moderate,friendship,master
1620,24,M,active,serious,phd
1621,29,M,active,serious,phd
1622,18,F,sedentary,serious,phd
1623,27,F,sedentary,dating,master
1624,21,M,sedentary,dating,master
1625,25,F,moderate,friendship,phd
1626,19,M,active,friendship,bachelor
1627,20,F,sedentary,dating,school
1628,32,F,sedentary,dating,phd
1629,33,M,moderate,serious,bachelor
1630,26,M,moderate,dating,school
1631,33,F,moderate,dating,master
1632,18,M,moderate,serious,master
1633,32,M,active,serious,master
1634,24,M,moderate,friendship,bachelor
1635,30,F,sedentary,serious,phd
1636,20,M,active,dating,school
1637,31,F,active,dating,phd
1638,34,M,moderate,serious,bachelor
1639,23,M,sedentary,serious,bachelor
1640,20,F,moderate,dating,master
1641,28,F,moderate,serious,bachelor
1642,22,F,moderate,dating,school
1643,30,F,active,dating,phd
1644,32,F,moderate,serious,phd
1645,19,F,active,dating,school
1646,26,F,sedentary,friendship,bachelor
1647,18,F,sedentary,serious,school
1648,32,F,sedentary,dating,school
1649,34,M,active,serious,phd
1650,20,M,moderate,serious,school
1651,35,F,moderate,dating,phd
1652,19,F,moderate,friendship,school
1653,18,M,sedentary,friendship,phd
1654,31,F,moderate,friendship,master
1655,30,F,moderate,friendship,phd
1656,34,M,active,friendship,phd
1657,22,F,sedentary,friendship,bachelor
1658,28,F,sedentary,dating,school
1659,24,M,active,dating,school
1660,19,M,sedentary,serious,phd
1661,33,M,moderate,serious,bachelor
1662,33,F,moderate,friendship,school
1663,35,M,active,friendship,school
1664,19,F,active,friendship,school
1665,25,F,sedentary,friendship,bachelor
1666,35,F,sedentary,friendship,bachelor
1667,25,M,active,dating,bachelor
1668,24,F,sedentary,dating,bachelor
1669,31,M,sedentary,dating,school
1670,24,M,active,dating,bachelor
1671,21,F,sedentary,friendship,school
1672,35,F,active,friendship,master
1673,33,M,moderate,serious,phd
1674,25,F,active,friendship,bachelor
1675,28,M,sedentary,dating,school
1676,28,M,moderate,serious,master
1677,25,M,active,friendship,school
1678,22,F,moderate,dating,bachelor
1679,26,M,moderate,serious,phd
1680,22,F,sedentary,dating,master
1681,20,F,moderate,serious,master
1682,23,F,active,serious,bachelor
1683,21,F,moderate,serious,master
1684,29,F,moderate,friendship,master
1685,19,M,sedentary,friendship,master
1686,33,M,active,dating,master
1687,27,M,moderate,serious,phd
1688,26,M,active,friendship,bachelor
1689,35,M,moderate,friendship,master
1690,23,F,active,dating,phd
1691,22,F,moderate,serious,phd
1692,24,M,sedentary,dating,master
1693,25,M,active,friendship,school
1694,28,F,active,dating,bachelor
1695,19,M,moderate,serious,bachelor
1696,28,M,moderate,friendship,master
1697,23,F,moderate,serious,master
1698,30,M,active,serious,bachelor
1699,30,F,moderate,friendship,master
1700,27,F,active,dating,school
1701,18,M,sedentary,dating,bachelor
1702,24,F,moderate,friendship,phd
1703,19,F,active,dating,bachelor
1704,32,F,active,serious,bachelor
1705,27,M,moderate,serious,master
1706,22,M,moderate,serious,phd
1707,32,F,sedentary,serious,master
1708,27,F,sedentary,dating,master
1709,31,F,moderate,dating,school
1710,21,M,sedentary,friendship,master
1711,30,F,active,friendship,master
1712,18,F,moderate,serious,school
1713,32,M,sedentary,friendship,bachelor
1714,27,F,active,friendship,master
1715,27,F,sedentary,serious,bachelor
1716,33,M,sedentary,friendship,phd
1717,34,F,moderate,friendship,school
1718,27,M,moderate,friendship,phd
1719,22,M,moderate,dating,school
1720,25,F,sedentary,dating,master
1721,19,F,active,serious,master
1722,22,M,moderate,serious,master
1723,22,F,active,dating,phd
1724,30,F,moderate,friendship,school
1725,31,M,active,serious,bachelor
1726,20,F,moderate,serious,master
1727,20,F,sedentary,serious,phd
1728,18,M,active,friendship,bachelor
1729,34,M,active,friendship,master
1730,35,F,moderate,friendship,school
1731,19,F,active,dating,phd
1732,25,M,active,friendship,phd
1733,30,M,sedentary,friendship,bachelor
1734,25,M,active,serious,phd
1735,18,M,sedentary,dating,bachelor
1736,21,M,active,serious,phd
1737,31,F,sedentary,serious,school
1738,18,M,active,dating,phd
1739,28,M,sedentary,dating,phd
1740,20,M,sedentary,dating,phd
1741,27,M,active,friendship,school
1742,33,M,active,serious,master
1743,26,M,moderate,friendship,phd
1744,21,M,active,dating,master
1745,30,F,active,friendship,master
1746,23,F,moderate,serious,phd
1747,34,M,active,dating,school
1748,24,M,moderate,serious,phd
1749,20,M,moderate,serious,phd
1750,25,M,active,serious,school
1751,28,M,sedentary,dating,school
1752,20,M,active,dating,bachelor
1753,30,F,sedentary,dating,master
1754,34,F,moderate,dating,bachelor
1755,27,M,moderate,friendship,phd
1756,29,F,moderate,serious,bachelor
1757,32,M,active,serious,master
1758,34,M,active,serious,master
1759,24,F,sedentary,friendship,phd
1760,27,F,active,friendship,master
1761,34,F,sedentary,friendship,phd
1762,32,F,moderate,serious,school
1763,22,M,active,friendship,master
1764,32,F,sedentary,friendship,master
1765,22,F,sedentary,dating,bachelor
1766,23,M,active,friendship,bachelor
1767,26,M,moderate,friendship,phd
1768,19,M,sedentary,dating,bachelor
1769,21,F,moderate,dating,bachelor
1770,32,M,active,friendship,bachelor
1771,21,M,active,serious,school
1772,18,F,active,friendship,master
1773,31,M,sedentary,friendship,bachelor
1774,32,F,active,serious,school
1775,35,M,active,friendship,phd
1776,24,M,moderate,serious,phd
1777,21,M,moderate,friendship,bachelor
1778,24,M,moderate,serious,master
1779,19,M,active,serious,master
1780,34,M,sedentary,dating,master
1781,20,F,active,serious,school
1782,19,M,active,friendship,bachelor
1783,26,F,active,dating,school
1784,20,F,sedentary,dating,master
1785,30,F,sedentary,dating,school
1786,19,M,sedentary,serious,school
1787,33,F,active,dating,master
1788,32,M,sedentary,serious,bachelor
1789,19,F,sedentary,serious,master
1790,19,F,moderate,dating,master
1791,19,M,active,friendship,bachelor
1792,21,M,sedentary,dating,bachelor
1793,31,M,moderate,serious,bachelor
1794,18,F,active,serious,phd
1795,29,M,moderate,dating,bachelor
1796,32,M,moderate,friendship,master
1797,23,M,active,friendship,school
1798,20,F,active,dating,phd
1799,27,F,moderate,friendship,master
1800,31,M,moderate,friendship,bachelor
1801,23,F,moderate,friendship,phd
1802,27,M,active,serious,school
1803,29,M,active,serious,school
1804,22,M,sedentary,serious,school
1805,31,M,sedentary,dating,school
1806,19,M,active,serious,master
1807,32,F,active,friendship,phd
1808,35,M,moderate,friendship,bachelor
1809,34,M,active,dating,phd
1810,22,M,sedentary,serious,bachelor
1811,25,F,sedentary,serious,bachelor
1812,24,F,sedentary,friendship,master
1813,28,M,sedentary,dating,school
1814,35,F,moderate,friendship,master
1815,31,M,active,friendship,master
1816,27,M,active,dating,bachelor
1817,28,F,moderate,friendship,master
1818,23,F,active,friendship,bachelor
1819,27,M,sedentary,serious,bachelor
1820,20,M,sedentary,friendship,bachelor
1821,32,F,moderate,dating,phd
1822,20,M,moderate,dating,phd
1823,26,F,sedentary,serious,school
1824,33,F,active,friendship,master
1825,20,F,moderate,friendship,school
1826,25,M,sedentary,friendship,master
1827,33,F,sedentary,friendship,phd
1828,33,M,active,friendship,bachelor
1829,20,M,sedentary,friendship,phd
1830,23,F,moderate,serious,phd
1831,20,M,moderate,dating,bachelor
1832,23,M,moderate,serious,master
1833,23,F,active,dating,phd
1834,28,M,moderate,dating,master
1835,19,F,active,serious,master
1836,30,M,sedentary,serious,school
1837,24,M,active,dating,school
1838,32,F,moderate,serious,master
1839,33,F,sedentary,serious,master
1840,23,M,active,friendship,bachelor
1841,18,F,moderate,serious,master
1842,29,M,active,dating,master
1843,25,F,moderate,dating,phd
1844,20,F,active,friendship,phd
1845,31,F,sedentary,friendship,master
1846,21,M,sedentary,serious,phd
1847,30,F,moderate,serious,school
1848,30,M,sedentary,dating,bachelor
1849,25,M,sedentary,serious,bachelor
1850,28,F,moderate,serious,master
1851,34,M,sedentary,serious,school
1852,30,F,sedentary,serious,bachelor
1853,24,F,moderate,friendship,phd
1854,20,F,active,friendship,school
1855,27,F,sedentary,friendship,bachelor
1856,30,F,active,dating,bachelor
1857,28,M,moderate,serious,phd
1858,22,M,moderate,friendship,bachelor
1859,24,M,active,friendship,master
1860,24,F,moderate,serious,bachelor
1861,22,F,active,dating,master
1862,29,M,sedentary,dating,school
1863,34,F,moderate,friendship,phd
1864,33,F,moderate,dating,master
1865,35,F,moderate,dating,school
1866,35,F,active,serious,master
1867,31,F,active,serious,master
1868,33,M,active,serious,bachelor
1869,21,F,sedentary,serious,master
1870,21,M,active,friendship,school
1871,20,F,active,friendship,phd
1872,19,M,moderate,serious,master
1873,22,M,moderate,dating,bachelor
1874,25,F,active,dating,phd
1875,24,M,sedentary,dating,bachelor
1876,25,M,active,dating,master
1877,22,F,active,friendship,phd
1878,31,M,sedentary,friendship,phd
1879,34,M,sedentary,friendship,school
1880,27,M,moderate,dating,master
1881,24,M,active,dating,phd
1882,30,M,moderate,friendship,bachelor
1883,34,F,sedentary,friendship,phd
1884,25,F,active,serious,phd
1885,22,F,active,friendship,school
1886,22,F,sedentary,friendship,master
1887,35,F,active,friendship,phd
1888,22,F,sedentary,dating,master
1889,26,M,sedentary,dating,master
1890,24,M,active,friendship,school
1891,27,F,active,friendship,school
1892,24,M,moderate,serious,school
1893,26,M,moderate,serious,phd
1894,25,F,sedentary,dating,school
1895,24,F,sedentary,dating,phd
1896,30,M,sedentary,serious,school
1897,30,F,active,dating,school
1898,23,F,moderate,dating,school
1899,22,M,sedentary,serious,phd
1900,27,M,moderate,dating,school
1901,31,F,moderate,dating,master
1902,22,F,active,friendship,phd
1903,27,M,sedentary,serious,bachelor
1904,21,F,active,serious,master
1905,30,M,active,dating,master
1906,35,M,sedentary,serious,phd
1907,26,M,sedentary,friendship,bachelor
1908,19,M,active,serious,bachelor
1909,33,F,active,friendship,bachelor
1910,18,F,sedentary,dating,bachelor
1911,18,F,active,dating,bachelor
1912,19,M,moderate,friendship,bachelor
1913,20,M,active,friendship,bachelor
1914,22,F,moderate,serious,bachelor
1915,25,M,active,dating,school
1916,18,F,active,friendship,phd
1917,19,F,moderate,friendship,master
1918,35,F,sedentary,friendship,master
1919,21,F,moderate,serious,school
1920,25,M,sedentary,serious,phd
1921,33,M,sedentary,friendship,bachelor
1922,24,M,sedentary,friendship,phd
1923,34,M,active,friendship,bachelor
1924,25,F,active,friendship,phd
1925,27,F,sedentary,dating,phd
1926,31,F,moderate,serious,master
1927,29,M,active,friendship,school
1928,26,M,sedentary,friendship,school
1929,32,F,sedentary,friendship,bachelor
1930,28,M,sedentary,friendship,school
1931,30,F,active,serious,bachelor
1932,32,M,sedentary,dating,bachelor
1933,23,M,sedentary,friendship,phd
1934,25,F,active,friendship,school
1935,31,F,moderate,serious,bachelor
1936,26,M,sedentary,dating,phd
1937,34,M,moderate,dating,phd
1938,24,M,sedentary,friendship,bachelor
1939,28,M,moderate,friendship,bachelor
1940,24,F,moderate,friendship,school
1941,26,F,sedentary,dating,school
1942,23,M,moderate,serious,bachelor
1943,34,M,moderate,dating,school
1944,35,M,active,serious,bachelor
1945,31,F,moderate,friendship,bachelor
1946,18,M,sedentary,serious,master
1947,26,F,active,dating,phd
1948,31,F,sedentary,dating,phd
1949,19,M,moderate,dating,master
1950,31,M,sedentary,dating,school
1951,27,F,sedentary,friendship,master
1952,22,M,moderate,serious,school
1953,28,M,active,friendship,bachelor
1954,31,F,active,serious,bachelor
1955,30,F,sedentary,friendship,school
1956,23,M,sedentary,dating,school
1957,34,F,active,friendship,bachelor
1958,35,F,moderate,serious,bachelor
1959,20,F,active,dating,bachelor
1960,30,F,active,dating,school
1961,28,F,moderate,dating,phd
1962,35,F,active,serious,school
1963,31,F,sedentary,dating,school
1964,21,F,active,serious,school
1965,25,F,moderate,dating,master
1966,22,F,sedentary,friendship,master
1967,27,M,sedentary,serious,master
1968,35,F,active,serious,master
1969,28,M,active,dating,master
1970,29,M,sedentary,serious,master
1971,27,M,active,friendship,school
1972,33,F,active,serious,school
1973,19,M,active,serious,bachelor
1974,22,F,active,friendship,master
1975,20,M,moderate,dating,school
1976,33,M,sedentary,dating,bachelor
1977,19,F,sedentary,dating,phd
1978,29,M,moderate,serious,master
1979,21,F,sedentary,friendship,school
1980,23,M,active,dating,school
1981,33,M,moderate,dating,master
1982,21,F,active,serious,bachelor
1983,19,F,moderate,serious,bachelor
1984,18,M,moderate,friendship,phd
1985,32,M,sedentary,serious,phd
1986,21,M,moderate,friendship,master
1987,28,M,active,dating,school
1988,32,M,moderate,friendship,master
1989,26,M,sedentary,serious,school
1990,34,M,moderate,serious,school
1991,29,M,sedentary,dating,master
1992,19,M,sedentary,serious,master
1993,33,M,sedentary,dating,master
1994,23,F,moderate,friendship,school
1995,22,F,moderate,serious,school
1996,23,M,sedentary,dating,bachelor
1997,32,M,moderate,serious,bachelor
1998,23,M,active,dating,school
1999,30,F,moderate,friendship,master
